true_label,cnn_pred,cnn_confidence,wav2vec_pred,wav2vec_confidence,ensemble_pred,ensemble_confidence,models_agree,mobile_action,confidence_level,correct
1,1,0.5847112,1,0.99826956,1,0.7953563,True,VERIFY_AND_ALERT,MEDIUM,True
1,1,0.6153906,1,0.9987348,1,0.81064606,True,VERIFY_AND_ALERT,MEDIUM,True
0,0,0.2668743,0,0.0017527345,0,0.13183524,True,NO_ACTION,NORMAL,True
1,1,0.9678918,1,0.996414,1,0.9824195,True,IMMEDIATE_ALERT,HIGH,True
1,1,0.81174135,1,0.9939857,1,0.9045671,True,IMMEDIATE_ALERT,HIGH,True
0,0,0.3604654,0,0.00031706682,0,0.17702466,True,NO_ACTION,NORMAL,True
1,1,0.8152493,1,0.9964091,1,0.9075227,True,IMMEDIATE_ALERT,HIGH,True
1,1,0.93766135,1,0.99946755,1,0.9691422,True,IMMEDIATE_ALERT,HIGH,True
1,1,0.6264319,1,0.99772483,1,0.81554914,True,VERIFY_AND_ALERT,MEDIUM,True
0,0,0.32183385,0,0.4649746,0,0.39474225,True,NO_ACTION,NORMAL,True
1,1,0.9121935,1,0.9699497,1,0.94161147,True,IMMEDIATE_ALERT,HIGH,True
1,1,0.7515768,1,0.99394035,1,0.87502414,True,IMMEDIATE_ALERT,HIGH,True
1,1,0.5814701,1,0.95878077,1,0.77365243,True,VERIFY_AND_ALERT,MEDIUM,True
0,0,0.46947467,0,0.0033133165,0,0.23203644,True,NO_ACTION,NORMAL,True
1,1,0.5117283,1,0.9976948,1,0.7592542,True,VERIFY_AND_ALERT,MEDIUM,True
0,1,0.53743476,0,0.00042437864,0,0.26390973,False,NO_ACTION,NORMAL,True
1,1,0.71070176,1,0.996221,1,0.85613036,True,IMMEDIATE_ALERT,HIGH,True
1,1,0.5470351,1,0.9960905,1,0.7757604,True,VERIFY_AND_ALERT,MEDIUM,True
1,1,0.92503166,1,0.97643787,1,0.95121527,True,IMMEDIATE_ALERT,HIGH,True
1,1,0.8762343,1,0.9991033,1,0.9388173,True,IMMEDIATE_ALERT,HIGH,True
0,1,0.51231694,0,0.4201621,0,0.4653781,False,NO_ACTION,NORMAL,True
0,0,0.36429247,0,0.005459425,0,0.18152168,True,NO_ACTION,NORMAL,True
1,1,0.9331202,1,0.9932423,1,0.96374327,True,IMMEDIATE_ALERT,HIGH,True
1,1,0.5196745,1,0.99929285,1,0.76396704,True,VERIFY_AND_ALERT,MEDIUM,True
0,0,0.31865513,0,0.006254718,0,0.1595347,True,NO_ACTION,NORMAL,True
1,1,0.62349594,1,0.9985045,1,0.8145057,True,VERIFY_AND_ALERT,MEDIUM,True
1,1,0.81946987,1,0.999253,1,0.911042,True,IMMEDIATE_ALERT,HIGH,True
1,1,0.67728573,1,0.9167522,1,0.79925746,True,VERIFY_AND_ALERT,MEDIUM,True
0,0,0.4309981,0,0.009456163,0,0.21628666,True,NO_ACTION,NORMAL,True
0,0,0.27931976,0,0.0059487675,0,0.14007886,True,NO_ACTION,NORMAL,True
1,1,0.6176319,1,0.99288297,1,0.8087652,True,VERIFY_AND_ALERT,MEDIUM,True
0,1,0.5222328,0,0.112577274,0,0.31357569,False,NO_ACTION,NORMAL,True
1,1,0.6057349,1,0.9976336,1,0.80534756,True,VERIFY_AND_ALERT,MEDIUM,True
0,1,0.59556586,0,0.014174553,0,0.2994355,False,NO_ACTION,NORMAL,True
1,1,0.8982071,1,0.9966319,1,0.9483396,True,IMMEDIATE_ALERT,HIGH,True
1,1,0.6355558,1,0.99636877,1,0.8193351,True,VERIFY_AND_ALERT,MEDIUM,True
1,1,0.78627247,1,0.99934477,1,0.89480036,True,IMMEDIATE_ALERT,HIGH,True
1,1,0.761262,1,0.9994154,1,0.8825649,True,IMMEDIATE_ALERT,HIGH,True
1,1,0.9673387,1,0.9986645,1,0.9832944,True,IMMEDIATE_ALERT,HIGH,True
0,0,0.40254098,0,0.00036464553,0,0.19769338,True,NO_ACTION,NORMAL,True
0,0,0.36257562,0,0.059655033,0,0.20828371,True,NO_ACTION,NORMAL,True
1,1,0.6183037,1,0.9971239,1,0.81125486,True,VERIFY_AND_ALERT,MEDIUM,True
0,1,0.70718795,1,0.9715978,1,0.84186447,True,VERIFY_AND_ALERT,MEDIUM,False
1,1,0.510661,1,0.9960991,1,0.75791776,True,VERIFY_AND_ALERT,MEDIUM,True
1,1,0.8810512,1,0.9808319,1,0.9318743,True,IMMEDIATE_ALERT,HIGH,True
1,1,0.83662516,1,0.99918514,1,0.9194248,True,IMMEDIATE_ALERT,HIGH,True
1,1,0.89035255,1,0.9977209,1,0.94504035,True,IMMEDIATE_ALERT,HIGH,True
1,1,0.83840674,1,0.9952376,1,0.9182882,True,IMMEDIATE_ALERT,HIGH,True
0,0,0.45333788,0,0.0033882724,0,0.22415707,True,NO_ACTION,NORMAL,True
1,0,0.3433226,1,0.9981558,0,0.6768604,False,NO_ACTION,NORMAL,False
1,1,0.8091426,1,0.99924445,1,0.9059706,True,IMMEDIATE_ALERT,HIGH,True
0,1,0.58292466,0,0.0009195261,0,0.28648168,False,NO_ACTION,NORMAL,True
1,1,0.9042224,1,0.9981199,1,0.9520489,True,IMMEDIATE_ALERT,HIGH,True
1,1,0.70030415,1,0.98861015,1,0.8471522,True,VERIFY_AND_ALERT,MEDIUM,True
0,0,0.14700036,0,0.025595808,0,0.08516323,True,NO_ACTION,NORMAL,True
1,1,0.8392361,1,0.9945596,1,0.91834974,True,IMMEDIATE_ALERT,HIGH,True
1,1,0.70600635,1,0.9964803,1,0.8539586,True,IMMEDIATE_ALERT,HIGH,True
1,1,0.8769003,1,0.8173551,1,0.8465711,True,VERIFY_AND_ALERT,MEDIUM,True
0,1,0.5607547,0,0.043922774,0,0.29750755,False,NO_ACTION,NORMAL,True
1,1,0.9316399,1,0.99524826,1,0.96403867,True,IMMEDIATE_ALERT,HIGH,True
1,1,0.73517257,1,0.9994599,1,0.86978674,True,IMMEDIATE_ALERT,HIGH,True
1,1,0.7769025,1,0.9990859,1,0.89007115,True,IMMEDIATE_ALERT,HIGH,True
1,1,0.83506817,1,0.99924856,1,0.91869307,True,IMMEDIATE_ALERT,HIGH,True
1,1,0.6086863,1,0.99913234,1,0.80755913,True,VERIFY_AND_ALERT,MEDIUM,True
1,1,0.6327516,1,0.99747187,1,0.818521,True,VERIFY_AND_ALERT,MEDIUM,True
1,1,0.61657536,1,0.99460983,1,0.8091264,True,VERIFY_AND_ALERT,MEDIUM,True
1,1,0.9895131,1,0.99879223,1,0.9942394,True,IMMEDIATE_ALERT,HIGH,True
1,1,0.88929963,1,0.9947791,1,0.94302535,True,IMMEDIATE_ALERT,HIGH,True
1,1,0.5520641,1,0.99806625,1,0.7792343,True,VERIFY_AND_ALERT,MEDIUM,True
1,1,0.9401411,1,0.99884665,1,0.9700426,True,IMMEDIATE_ALERT,HIGH,True
0,1,0.5498347,0,0.021710308,0,0.28083575,False,NO_ACTION,NORMAL,True
1,1,0.510661,1,0.9869156,1,0.7532402,True,VERIFY_AND_ALERT,MEDIUM,True
1,1,0.57853234,1,0.9921468,1,0.7892059,True,VERIFY_AND_ALERT,MEDIUM,True
1,1,0.9694364,1,0.99880135,1,0.98439336,True,IMMEDIATE_ALERT,HIGH,True
1,1,0.65793157,1,0.98551893,1,0.8247875,True,VERIFY_AND_ALERT,MEDIUM,True
1,1,0.87842155,1,0.99749327,1,0.93907046,True,IMMEDIATE_ALERT,HIGH,True
1,1,0.8642535,1,0.998475,1,0.9326189,True,IMMEDIATE_ALERT,HIGH,True
0,0,0.26220167,1,0.770986,0,0.52134985,False,NO_ACTION,NORMAL,True
0,1,0.66223484,0,0.0002559449,0,0.3250574,False,NO_ACTION,NORMAL,True
0,0,0.41003922,0,0.0032352114,0,0.20283452,True,NO_ACTION,NORMAL,True
0,0,0.4949284,0,0.20673649,0,0.3481385,True,NO_ACTION,NORMAL,True
0,0,0.47487697,0,0.0026107335,0,0.23432922,True,NO_ACTION,NORMAL,True
1,1,0.5356346,1,0.9706863,1,0.7572272,True,VERIFY_AND_ALERT,MEDIUM,True
1,1,0.84015024,1,0.99901044,1,0.92106533,True,IMMEDIATE_ALERT,HIGH,True
1,1,0.9390226,1,0.99152386,1,0.96576405,True,IMMEDIATE_ALERT,HIGH,True
0,0,0.3379311,0,0.23978579,0,0.287941,True,NO_ACTION,NORMAL,True
1,1,0.78468204,1,0.99835193,1,0.89351434,True,IMMEDIATE_ALERT,HIGH,True
1,1,0.51949996,1,0.9877401,1,0.75799704,True,VERIFY_AND_ALERT,MEDIUM,True
1,0,0.48041376,1,0.9957203,0,0.742884,False,NO_ACTION,NORMAL,False
0,0,0.39897883,0,0.013173667,0,0.20246984,True,NO_ACTION,NORMAL,True
1,1,0.80823666,1,0.999298,1,0.90555334,True,IMMEDIATE_ALERT,HIGH,True
1,1,0.84008944,1,0.91380495,1,0.87763625,True,IMMEDIATE_ALERT,HIGH,True
1,1,0.6071551,1,0.99948514,1,0.8069875,True,VERIFY_AND_ALERT,MEDIUM,True
0,0,0.24665627,0,0.03739074,0,0.14006734,True,NO_ACTION,NORMAL,True
0,1,0.510661,0,0.30554864,0,0.40618747,False,NO_ACTION,NORMAL,True
1,1,0.9258414,1,0.98980576,1,0.95842147,True,IMMEDIATE_ALERT,HIGH,True
1,1,0.6883859,1,0.98201597,1,0.8379457,True,VERIFY_AND_ALERT,MEDIUM,True
1,1,0.6391789,1,0.94708806,1,0.7960117,True,VERIFY_AND_ALERT,MEDIUM,True
1,1,0.9621668,1,0.9937196,1,0.9782381,True,IMMEDIATE_ALERT,HIGH,True
0,0,0.47201505,1,0.75399584,0,0.61564136,False,NO_ACTION,NORMAL,True
1,1,0.5194224,1,0.5075592,1,0.51337993,True,USER_ALERT,LOW,True
1,1,0.70541304,1,0.9579639,1,0.8340492,True,VERIFY_AND_ALERT,MEDIUM,True
1,1,0.62796867,1,0.99925774,1,0.81708395,True,VERIFY_AND_ALERT,MEDIUM,True
1,1,0.8225054,1,0.9981256,1,0.9119572,True,IMMEDIATE_ALERT,HIGH,True
1,1,0.85806936,1,0.9330448,1,0.89625794,True,IMMEDIATE_ALERT,HIGH,True
1,0,0.47268406,1,0.9884206,0,0.7353733,False,NO_ACTION,NORMAL,False
1,0,0.49583238,1,0.9896751,0,0.74737,False,NO_ACTION,NORMAL,False
1,1,0.8278366,1,0.9972174,1,0.9141103,True,IMMEDIATE_ALERT,HIGH,True
1,1,0.9538387,1,0.9474527,1,0.950586,True,IMMEDIATE_ALERT,HIGH,True
1,1,0.6780069,1,0.98426026,1,0.83399636,True,VERIFY_AND_ALERT,MEDIUM,True
1,1,0.7628718,1,0.9981323,1,0.8827012,True,IMMEDIATE_ALERT,HIGH,True
1,1,0.6077218,1,0.8484538,1,0.7303381,True,VERIFY_AND_ALERT,MEDIUM,True
1,1,0.5070622,1,0.8853047,1,0.6997192,True,USER_ALERT,LOW,True
1,1,0.8359854,1,0.9952121,1,0.91708714,True,IMMEDIATE_ALERT,HIGH,True
1,0,0.49869463,1,0.763505,0,0.6335752,False,NO_ACTION,NORMAL,False
1,1,0.5772541,1,0.98967665,1,0.7873206,True,VERIFY_AND_ALERT,MEDIUM,True
1,1,0.9833191,1,0.9982291,1,0.9909135,True,IMMEDIATE_ALERT,HIGH,True
1,1,0.7281024,1,0.99916446,1,0.86616725,True,IMMEDIATE_ALERT,HIGH,True
1,1,0.9454419,1,0.9923987,1,0.9693592,True,IMMEDIATE_ALERT,HIGH,True
1,1,0.8045795,1,0.99871624,1,0.90346265,True,IMMEDIATE_ALERT,HIGH,True
1,1,0.500935,1,0.9617656,1,0.735658,True,VERIFY_AND_ALERT,MEDIUM,True
1,1,0.7600385,1,0.9990294,1,0.881768,True,IMMEDIATE_ALERT,HIGH,True
1,1,0.7505887,1,0.9969312,1,0.87606275,True,IMMEDIATE_ALERT,HIGH,True
1,1,0.5349774,1,0.9918345,1,0.7676765,True,VERIFY_AND_ALERT,MEDIUM,True
1,0,0.45979378,1,0.9679251,0,0.7186093,False,NO_ACTION,NORMAL,False
1,1,0.88152725,1,0.9945933,1,0.9391172,True,IMMEDIATE_ALERT,HIGH,True
1,1,0.75115436,1,0.9989794,1,0.8773835,True,IMMEDIATE_ALERT,HIGH,True
0,0,0.2642568,0,0.00049914693,0,0.12991244,True,NO_ACTION,NORMAL,True
1,1,0.9580786,1,0.99924916,1,0.9790487,True,IMMEDIATE_ALERT,HIGH,True
1,1,0.97575444,1,0.9970799,1,0.98661655,True,IMMEDIATE_ALERT,HIGH,True
0,0,0.42446575,0,0.008090244,0,0.21238583,True,NO_ACTION,NORMAL,True
1,1,0.93863237,1,0.9980154,1,0.968879,True,IMMEDIATE_ALERT,HIGH,True
0,0,0.46327525,0,0.0097523425,0,0.23227438,True,NO_ACTION,NORMAL,True
0,0,0.43590584,0,0.017304944,0,0.22269242,True,NO_ACTION,NORMAL,True
1,1,0.9396835,1,0.9955166,1,0.96812195,True,IMMEDIATE_ALERT,HIGH,True
0,0,0.3737955,0,0.0006672875,0,0.18374349,True,NO_ACTION,NORMAL,True
1,0,0.46566412,1,0.99626654,0,0.73592526,False,NO_ACTION,NORMAL,False
0,0,0.41352198,0,0.001928017,0,0.20387752,True,NO_ACTION,NORMAL,True
1,1,0.6535292,1,0.9994178,1,0.8297068,True,VERIFY_AND_ALERT,MEDIUM,True
1,1,0.76722914,1,0.9796219,1,0.8754109,True,IMMEDIATE_ALERT,HIGH,True
1,1,0.6981848,1,0.99882597,1,0.8513157,True,IMMEDIATE_ALERT,HIGH,True
0,1,0.5208828,0,0.00064472505,0,0.2559007,False,NO_ACTION,NORMAL,True
0,0,0.3672475,0,0.00048328002,0,0.18043697,True,NO_ACTION,NORMAL,True
1,1,0.9463805,1,0.9990582,1,0.97321177,True,IMMEDIATE_ALERT,HIGH,True
1,0,0.4728881,1,0.9982961,0,0.74050343,False,NO_ACTION,NORMAL,False
1,1,0.63746953,1,0.99947435,1,0.8218559,True,VERIFY_AND_ALERT,MEDIUM,True
0,0,0.37897956,0,0.0052399132,0,0.18861611,True,NO_ACTION,NORMAL,True
1,1,0.52158326,1,0.9987508,1,0.76462746,True,VERIFY_AND_ALERT,MEDIUM,True
1,1,0.7453517,1,0.9988631,1,0.87447715,True,IMMEDIATE_ALERT,HIGH,True
0,1,0.7598796,0,0.46354157,0,0.6089405,False,NO_ACTION,NORMAL,True
1,1,0.63594395,1,0.9970395,1,0.81986713,True,VERIFY_AND_ALERT,MEDIUM,True
1,1,0.7633724,1,0.99702495,1,0.8823828,True,IMMEDIATE_ALERT,HIGH,True
1,1,0.9466903,1,0.99508,1,0.97133744,True,IMMEDIATE_ALERT,HIGH,True
0,0,0.26051486,0,0.00019274121,0,0.12792037,True,NO_ACTION,NORMAL,True
1,1,0.53514,1,0.99877614,1,0.77129203,True,VERIFY_AND_ALERT,MEDIUM,True
1,1,0.6344203,1,0.9983936,1,0.8198093,True,VERIFY_AND_ALERT,MEDIUM,True
1,1,0.946669,1,0.9905477,1,0.9690185,True,IMMEDIATE_ALERT,HIGH,True
0,0,0.43442422,0,0.003608141,0,0.21498904,True,NO_ACTION,NORMAL,True
1,1,0.61097395,1,0.94999665,1,0.7836544,True,VERIFY_AND_ALERT,MEDIUM,True
1,1,0.8657074,1,0.9931589,1,0.93062454,True,IMMEDIATE_ALERT,HIGH,True
1,1,0.509956,1,0.9739464,1,0.7462884,True,VERIFY_AND_ALERT,MEDIUM,True
1,1,0.7361148,1,0.98925704,1,0.8650522,True,IMMEDIATE_ALERT,HIGH,True
1,1,0.73679817,1,0.99762803,1,0.8696513,True,IMMEDIATE_ALERT,HIGH,True
1,1,0.8326697,1,0.9990885,1,0.9174347,True,IMMEDIATE_ALERT,HIGH,True
1,1,0.74440855,1,0.9951735,1,0.87213516,True,IMMEDIATE_ALERT,HIGH,True
1,1,0.74466723,1,0.9989255,1,0.8741731,True,IMMEDIATE_ALERT,HIGH,True
1,1,0.94418573,1,0.99887866,1,0.9720435,True,IMMEDIATE_ALERT,HIGH,True
1,1,0.85846734,1,0.99755645,1,0.9293121,True,IMMEDIATE_ALERT,HIGH,True
0,0,0.4330646,0,0.029101977,0,0.22730716,True,NO_ACTION,NORMAL,True
1,1,0.78834194,1,0.97334915,1,0.8825749,True,IMMEDIATE_ALERT,HIGH,True
1,1,0.7075969,1,0.99906355,1,0.8560548,True,IMMEDIATE_ALERT,HIGH,True
1,0,0.47881886,1,0.9756369,0,0.73187196,False,NO_ACTION,NORMAL,False
1,1,0.51366293,1,0.99518555,1,0.7589254,True,VERIFY_AND_ALERT,MEDIUM,True
1,1,0.8095004,1,0.9981528,1,0.90559006,True,IMMEDIATE_ALERT,HIGH,True
1,1,0.7649676,1,0.9959565,1,0.8826213,True,IMMEDIATE_ALERT,HIGH,True
1,1,0.6562322,1,0.9810619,1,0.82168347,True,VERIFY_AND_ALERT,MEDIUM,True
0,0,0.3145538,0,0.013237936,0,0.16107924,True,NO_ACTION,NORMAL,True
1,0,0.48232794,1,0.9927649,0,0.74231786,False,NO_ACTION,NORMAL,False
1,1,0.77871835,1,0.9991134,1,0.8909761,True,IMMEDIATE_ALERT,HIGH,True
0,1,0.53096515,0,0.008056811,0,0.264623,False,NO_ACTION,NORMAL,True
1,1,0.6189259,1,0.98565185,1,0.805717,True,VERIFY_AND_ALERT,MEDIUM,True
0,1,0.6765517,0,0.19743417,0,0.43251425,False,NO_ACTION,NORMAL,True
1,1,0.7076758,1,0.99194497,1,0.85246766,True,IMMEDIATE_ALERT,HIGH,True
1,1,0.93406385,1,0.999424,1,0.9673549,True,IMMEDIATE_ALERT,HIGH,True
1,0,0.45253885,1,0.9519591,0,0.7069174,False,NO_ACTION,NORMAL,False
1,1,0.55998915,1,0.99887353,1,0.78353393,True,VERIFY_AND_ALERT,MEDIUM,True
0,0,0.3141255,0,0.00047239466,0,0.154367,True,NO_ACTION,NORMAL,True
1,1,0.9028433,1,0.95134175,1,0.9275459,True,IMMEDIATE_ALERT,HIGH,True
0,0,0.2920489,0,0.026186874,0,0.15663268,True,NO_ACTION,NORMAL,True
1,1,0.92934686,1,0.9648101,1,0.94741,True,IMMEDIATE_ALERT,HIGH,True
1,1,0.7814533,1,0.9968635,1,0.891172,True,IMMEDIATE_ALERT,HIGH,True
1,1,0.8463206,1,0.9957039,1,0.9224087,True,IMMEDIATE_ALERT,HIGH,True
0,0,0.4685161,0,0.0051782043,0,0.23251599,True,NO_ACTION,NORMAL,True
1,1,0.7444365,1,0.9978607,1,0.8735176,True,IMMEDIATE_ALERT,HIGH,True
1,1,0.7974398,1,0.9957266,1,0.8984368,True,IMMEDIATE_ALERT,HIGH,True
1,1,0.9908098,1,0.9984884,1,0.99472094,True,IMMEDIATE_ALERT,HIGH,True
1,1,0.5857731,1,0.97505856,1,0.78405476,True,VERIFY_AND_ALERT,MEDIUM,True
1,1,0.7184804,1,0.99929917,1,0.8615148,True,IMMEDIATE_ALERT,HIGH,True
1,1,0.82316476,1,0.9971361,1,0.91177666,True,IMMEDIATE_ALERT,HIGH,True
1,1,0.7223504,1,0.99944025,1,0.8634855,True,IMMEDIATE_ALERT,HIGH,True
1,1,0.568768,1,0.70743454,1,0.6393975,True,USER_ALERT,LOW,True
1,1,0.7726316,1,0.99454945,1,0.88566494,True,IMMEDIATE_ALERT,HIGH,True
1,1,0.87484676,1,0.99852294,1,0.93784094,True,IMMEDIATE_ALERT,HIGH,True
1,1,0.9735083,1,0.99937433,1,0.9866831,True,IMMEDIATE_ALERT,HIGH,True
0,0,0.32551607,0,0.00013430919,0,0.15978362,True,NO_ACTION,NORMAL,True
1,1,0.57327306,1,0.91116995,1,0.74538004,True,VERIFY_AND_ALERT,MEDIUM,True
1,1,0.51104355,1,0.99395,1,0.7570108,True,VERIFY_AND_ALERT,MEDIUM,True
1,1,0.94118714,1,0.99917644,1,0.97072387,True,IMMEDIATE_ALERT,HIGH,True
1,1,0.8003678,1,0.9986965,1,0.901386,True,IMMEDIATE_ALERT,HIGH,True
1,1,0.67020077,1,0.98842645,1,0.83228827,True,VERIFY_AND_ALERT,MEDIUM,True
0,0,0.49679017,0,0.00022983433,0,0.24386829,True,NO_ACTION,NORMAL,True
1,1,0.75822556,1,0.99869835,1,0.8807098,True,IMMEDIATE_ALERT,HIGH,True
1,1,0.89511275,1,0.9968798,1,0.9469476,True,IMMEDIATE_ALERT,HIGH,True
1,1,0.68809867,1,0.98159504,1,0.83759034,True,VERIFY_AND_ALERT,MEDIUM,True
1,1,0.741816,1,0.99880815,1,0.87271434,True,IMMEDIATE_ALERT,HIGH,True
1,1,0.8295546,1,0.9958055,1,0.91423416,True,IMMEDIATE_ALERT,HIGH,True
1,1,0.5595628,1,0.99861515,1,0.7831931,True,VERIFY_AND_ALERT,MEDIUM,True
1,1,0.5938944,1,0.99281305,1,0.79708266,True,VERIFY_AND_ALERT,MEDIUM,True
1,1,0.9066279,1,0.9989644,1,0.9536593,True,IMMEDIATE_ALERT,HIGH,True
1,1,0.6406664,1,0.9991204,1,0.8232442,True,VERIFY_AND_ALERT,MEDIUM,True
0,0,0.4410399,0,0.00067687867,0,0.216742,True,NO_ACTION,NORMAL,True
1,1,0.68442714,1,0.99478096,1,0.84250516,True,VERIFY_AND_ALERT,MEDIUM,True
1,1,0.5043861,1,0.958496,1,0.73568594,True,VERIFY_AND_ALERT,MEDIUM,True
1,1,0.8172811,1,0.9933182,1,0.9069452,True,IMMEDIATE_ALERT,HIGH,True
1,1,0.510661,1,0.99812955,1,0.758952,True,VERIFY_AND_ALERT,MEDIUM,True
0,0,0.27844903,0,0.00042860906,0,0.13683996,True,NO_ACTION,NORMAL,True
0,1,0.90419203,0,0.0018949765,0,0.44460908,False,NO_ACTION,NORMAL,True
1,1,0.5368042,1,0.9091761,1,0.72647095,True,VERIFY_AND_ALERT,MEDIUM,True
1,1,0.81108856,1,0.99257845,1,0.90353006,True,IMMEDIATE_ALERT,HIGH,True
1,1,0.9800505,1,0.9992537,1,0.98983157,True,IMMEDIATE_ALERT,HIGH,True
1,1,0.80558676,1,0.9916642,1,0.9003649,True,IMMEDIATE_ALERT,HIGH,True
1,1,0.79886925,1,0.9995253,1,0.901073,True,IMMEDIATE_ALERT,HIGH,True
1,1,0.63576466,1,0.9983096,1,0.8204261,True,VERIFY_AND_ALERT,MEDIUM,True
1,1,0.6602015,1,0.9944944,1,0.8304728,True,VERIFY_AND_ALERT,MEDIUM,True
1,1,0.53964597,1,0.997535,1,0.77287066,True,VERIFY_AND_ALERT,MEDIUM,True
1,1,0.9776813,1,0.9987702,1,0.9884229,True,IMMEDIATE_ALERT,HIGH,True
0,0,0.45355678,0,0.07826471,0,0.26240262,True,NO_ACTION,NORMAL,True
1,1,0.63097686,1,0.99800116,1,0.81791985,True,VERIFY_AND_ALERT,MEDIUM,True
0,0,0.22952493,0,0.000899087,0,0.11307488,True,NO_ACTION,NORMAL,True
1,1,0.8690955,1,0.9985569,1,0.93503636,True,IMMEDIATE_ALERT,HIGH,True
1,1,0.55964714,1,0.84241396,1,0.7036738,True,VERIFY_AND_ALERT,MEDIUM,True
1,0,0.4746718,1,0.9910796,0,0.73770297,False,NO_ACTION,NORMAL,False
1,1,0.9021259,1,0.997523,1,0.9507162,True,IMMEDIATE_ALERT,HIGH,True
1,1,0.7601849,1,0.9979315,1,0.8812806,True,IMMEDIATE_ALERT,HIGH,True
1,1,0.71494776,1,0.9993456,1,0.85980517,True,IMMEDIATE_ALERT,HIGH,True
0,0,0.47929648,0,0.001475939,0,0.23591967,True,NO_ACTION,NORMAL,True
1,1,0.77860194,1,0.9967553,1,0.8897179,True,IMMEDIATE_ALERT,HIGH,True
0,1,0.506378,0,0.00025625015,0,0.24858603,False,NO_ACTION,NORMAL,True
1,1,0.6222136,1,0.99840134,1,0.813824,True,VERIFY_AND_ALERT,MEDIUM,True
1,1,0.7059758,1,0.9980659,1,0.8547512,True,IMMEDIATE_ALERT,HIGH,True
1,1,0.5945535,1,0.99573565,1,0.7988947,True,VERIFY_AND_ALERT,MEDIUM,True
1,1,0.5306361,1,0.9933308,1,0.7663086,True,VERIFY_AND_ALERT,MEDIUM,True
1,1,0.5183475,1,0.98459333,1,0.75582874,True,VERIFY_AND_ALERT,MEDIUM,True
0,0,0.33758825,0,0.012664348,0,0.172089,True,NO_ACTION,NORMAL,True
1,0,0.47961262,1,0.9947015,0,0.74197197,False,NO_ACTION,NORMAL,False
1,1,0.7984089,1,0.995001,1,0.8985427,True,IMMEDIATE_ALERT,HIGH,True
1,1,0.77035385,1,0.998667,1,0.8866446,True,IMMEDIATE_ALERT,HIGH,True
1,1,0.5251686,1,0.95837307,1,0.7458203,True,VERIFY_AND_ALERT,MEDIUM,True
1,1,0.62270606,1,0.9650433,1,0.7970748,True,VERIFY_AND_ALERT,MEDIUM,True
0,0,0.36576626,0,0.0679836,0,0.21409133,True,NO_ACTION,NORMAL,True
1,1,0.8456085,1,0.9962276,1,0.92232597,True,IMMEDIATE_ALERT,HIGH,True
0,1,0.5038525,0,0.1990485,0,0.34860128,False,NO_ACTION,NORMAL,True
1,0,0.48324108,1,0.918142,0,0.7047569,False,NO_ACTION,NORMAL,False
1,1,0.54985446,1,0.9740107,1,0.7658975,True,VERIFY_AND_ALERT,MEDIUM,True
1,1,0.57610637,1,0.9654919,1,0.774439,True,VERIFY_AND_ALERT,MEDIUM,True
1,1,0.9400406,1,0.9992817,1,0.97021496,True,IMMEDIATE_ALERT,HIGH,True
1,1,0.8896462,1,0.9992508,1,0.9454731,True,IMMEDIATE_ALERT,HIGH,True
1,1,0.87245667,1,0.9992267,1,0.93702674,True,IMMEDIATE_ALERT,HIGH,True
1,1,0.8216146,1,0.94838893,1,0.88618684,True,IMMEDIATE_ALERT,HIGH,True
1,1,0.6377191,0,0.46340522,0,0.54893273,False,NO_ACTION,NORMAL,False
0,0,0.29336652,0,0.12370699,0,0.20695081,True,NO_ACTION,NORMAL,True
1,1,0.81254804,1,0.9994122,1,0.9077269,True,IMMEDIATE_ALERT,HIGH,True
1,1,0.8656206,1,0.99893516,1,0.93352413,True,IMMEDIATE_ALERT,HIGH,True
1,1,0.9586205,1,0.99897516,1,0.97917503,True,IMMEDIATE_ALERT,HIGH,True
1,1,0.52879363,1,0.9956873,1,0.7666049,True,VERIFY_AND_ALERT,MEDIUM,True
1,1,0.5742557,1,0.9871338,1,0.78455424,True,VERIFY_AND_ALERT,MEDIUM,True
1,0,0.428623,1,0.9950001,0,0.7171059,False,NO_ACTION,NORMAL,False
1,1,0.5816186,1,0.922878,1,0.7554383,True,VERIFY_AND_ALERT,MEDIUM,True
0,0,0.47162166,0,0.081357844,0,0.27284166,True,NO_ACTION,NORMAL,True
1,1,0.64710027,1,0.9992712,1,0.82647777,True,VERIFY_AND_ALERT,MEDIUM,True
1,1,0.6324957,1,0.99686915,1,0.8180885,True,VERIFY_AND_ALERT,MEDIUM,True
1,1,0.7605895,1,0.99200684,1,0.87846136,True,IMMEDIATE_ALERT,HIGH,True
0,0,0.42907348,0,0.004259612,0,0.2126955,True,NO_ACTION,NORMAL,True
1,1,0.5605841,1,0.99800295,1,0.7833824,True,VERIFY_AND_ALERT,MEDIUM,True
1,0,0.48240346,1,0.998599,0,0.7453265,False,NO_ACTION,NORMAL,False
1,1,0.914564,1,0.998517,1,0.9573253,True,IMMEDIATE_ALERT,HIGH,True
1,1,0.89922726,1,0.99940395,1,0.95025206,True,IMMEDIATE_ALERT,HIGH,True
0,1,0.7486223,0,0.12857835,0,0.43280435,False,NO_ACTION,NORMAL,True
0,0,0.45511356,0,0.00020965749,0,0.22340928,True,NO_ACTION,NORMAL,True
1,1,0.8983118,1,0.99890125,1,0.9495468,True,IMMEDIATE_ALERT,HIGH,True
1,1,0.52150726,1,0.94174004,1,0.73555183,True,VERIFY_AND_ALERT,MEDIUM,True
1,1,0.7334726,1,0.9880653,1,0.8631488,True,IMMEDIATE_ALERT,HIGH,True
1,1,0.80924875,1,0.960101,1,0.88608503,True,IMMEDIATE_ALERT,HIGH,True
1,1,0.6252529,1,0.9871157,1,0.80956686,True,VERIFY_AND_ALERT,MEDIUM,True
0,0,0.37541324,0,0.08645146,0,0.2282312,True,NO_ACTION,NORMAL,True
1,1,0.7832989,1,0.99696976,1,0.8921317,True,IMMEDIATE_ALERT,HIGH,True
1,1,0.9845464,1,0.99912363,1,0.99197125,True,IMMEDIATE_ALERT,HIGH,True
1,1,0.5781441,1,0.98750323,1,0.78665024,True,VERIFY_AND_ALERT,MEDIUM,True
1,1,0.78919786,1,0.99205244,1,0.8925214,True,IMMEDIATE_ALERT,HIGH,True
0,0,0.35527226,0,0.015199803,0,0.18205713,True,NO_ACTION,NORMAL,True
1,0,0.48365957,1,0.9632177,0,0.7279214,False,NO_ACTION,NORMAL,False
0,1,0.5616662,0,0.0057984893,0,0.27853623,False,NO_ACTION,NORMAL,True
1,1,0.63646835,1,0.9974916,1,0.82035476,True,VERIFY_AND_ALERT,MEDIUM,True
0,0,0.3036665,0,0.00051259715,0,0.14925574,True,NO_ACTION,NORMAL,True
1,1,0.59280866,1,0.99925774,1,0.7998326,True,VERIFY_AND_ALERT,MEDIUM,True
1,1,0.5344674,1,0.9988218,1,0.77098525,True,VERIFY_AND_ALERT,MEDIUM,True
1,1,0.6227412,1,0.9988431,1,0.81430787,True,VERIFY_AND_ALERT,MEDIUM,True
1,1,0.96326137,1,0.99940276,1,0.9816699,True,IMMEDIATE_ALERT,HIGH,True
0,0,0.40483785,0,0.0017863087,0,0.19954446,True,NO_ACTION,NORMAL,True
0,0,0.27622586,0,0.23913369,0,0.25733304,True,NO_ACTION,NORMAL,True
1,1,0.734984,1,0.9961785,1,0.8680228,True,IMMEDIATE_ALERT,HIGH,True
1,1,0.84300077,1,0.9991547,1,0.9225374,True,IMMEDIATE_ALERT,HIGH,True
0,0,0.37355143,0,0.0003904561,0,0.18348272,True,NO_ACTION,NORMAL,True
0,0,0.49517712,0,0.07587573,0,0.2816069,True,NO_ACTION,NORMAL,True
1,1,0.892345,1,0.9992494,1,0.94679654,True,IMMEDIATE_ALERT,HIGH,True
1,1,0.5226239,1,0.9993693,1,0.7654531,True,VERIFY_AND_ALERT,MEDIUM,True
1,1,0.8714349,1,0.99869764,1,0.93625593,True,IMMEDIATE_ALERT,HIGH,True
1,1,0.57406145,1,0.97445834,1,0.77800274,True,VERIFY_AND_ALERT,MEDIUM,True
1,1,0.7716014,1,0.9981823,1,0.88700986,True,IMMEDIATE_ALERT,HIGH,True
1,1,0.7098203,1,0.99950373,1,0.8573699,True,IMMEDIATE_ALERT,HIGH,True
1,1,0.5692839,1,0.9970192,1,0.7871499,True,VERIFY_AND_ALERT,MEDIUM,True
1,1,0.6828429,1,0.9992467,1,0.8440025,True,VERIFY_AND_ALERT,MEDIUM,True
1,1,0.92798907,1,0.99947804,1,0.96440184,True,IMMEDIATE_ALERT,HIGH,True
1,1,0.8028833,1,0.9938638,1,0.9001588,True,IMMEDIATE_ALERT,HIGH,True
0,0,0.3940918,0,0.107752524,0,0.24824555,True,NO_ACTION,NORMAL,True
1,1,0.92453486,1,0.9875107,1,0.9566114,True,IMMEDIATE_ALERT,HIGH,True
1,1,0.66972107,1,0.9993668,1,0.8376254,True,VERIFY_AND_ALERT,MEDIUM,True
1,1,0.6863896,1,0.9992829,1,0.84576106,True,VERIFY_AND_ALERT,MEDIUM,True
1,1,0.7945013,1,0.99676055,1,0.89752156,True,IMMEDIATE_ALERT,HIGH,True
1,1,0.72151446,1,0.99755234,1,0.8621137,True,IMMEDIATE_ALERT,HIGH,True
1,1,0.52866566,1,0.9904225,1,0.76386046,True,VERIFY_AND_ALERT,MEDIUM,True
0,0,0.42672136,0,0.022205042,0,0.22068189,True,NO_ACTION,NORMAL,True
1,1,0.83152056,1,0.9984994,1,0.9165709,True,IMMEDIATE_ALERT,HIGH,True
1,1,0.7307146,1,0.99863845,1,0.86718106,True,IMMEDIATE_ALERT,HIGH,True
0,0,0.41464788,0,0.00051939994,0,0.20371248,True,NO_ACTION,NORMAL,True
1,0,0.4111762,1,0.9383437,0,0.6796878,False,NO_ACTION,NORMAL,False
0,0,0.49277166,0,0.023060419,0,0.2535253,True,NO_ACTION,NORMAL,True
1,1,0.6831786,1,0.9933826,1,0.8411803,True,VERIFY_AND_ALERT,MEDIUM,True
1,1,0.8718904,1,0.9987042,1,0.9364828,True,IMMEDIATE_ALERT,HIGH,True
0,0,0.48955467,0,0.03534567,0,0.25820434,True,NO_ACTION,NORMAL,True
1,1,0.73740613,1,0.99878675,1,0.8705398,True,IMMEDIATE_ALERT,HIGH,True
1,1,0.7805957,1,0.9320391,1,0.8577331,True,IMMEDIATE_ALERT,HIGH,True
1,1,0.8565134,1,0.99816763,1,0.9286647,True,IMMEDIATE_ALERT,HIGH,True
1,1,0.82474583,1,0.9988416,1,0.91342115,True,IMMEDIATE_ALERT,HIGH,True
0,0,0.39076114,0,0.0014111358,0,0.19244659,True,NO_ACTION,NORMAL,True
0,0,0.40351108,0,0.06885962,0,0.23305711,True,NO_ACTION,NORMAL,True
0,1,0.6306562,0,0.00018754223,0,0.3095284,False,NO_ACTION,NORMAL,True
0,0,0.42693764,0,0.0007155086,0,0.20984235,True,NO_ACTION,NORMAL,True
1,1,0.6507877,1,0.9644792,1,0.81056577,True,VERIFY_AND_ALERT,MEDIUM,True
1,1,0.588362,1,0.996002,1,0.79599255,True,VERIFY_AND_ALERT,MEDIUM,True
0,1,0.5279622,0,0.0012342923,0,0.25967452,False,NO_ACTION,NORMAL,True
0,0,0.40077755,0,0.0028102922,0,0.19807383,True,NO_ACTION,NORMAL,True
1,1,0.99058694,1,0.99868184,1,0.9947101,True,IMMEDIATE_ALERT,HIGH,True
1,1,0.62777996,1,0.99768627,1,0.8161909,True,VERIFY_AND_ALERT,MEDIUM,True
0,1,0.6394504,0,0.005512099,0,0.31655535,False,NO_ACTION,NORMAL,True
0,1,0.5017849,0,0.13412881,0,0.31452012,False,NO_ACTION,NORMAL,True
0,0,0.31742305,0,0.123972796,0,0.2188896,True,NO_ACTION,NORMAL,True
1,1,0.5354845,1,0.9793879,1,0.7615857,True,VERIFY_AND_ALERT,MEDIUM,True
1,1,0.77032584,1,0.9978436,1,0.8862115,True,IMMEDIATE_ALERT,HIGH,True
0,0,0.42578113,0,0.009910164,0,0.2139582,True,NO_ACTION,NORMAL,True
1,1,0.69415057,1,0.99719846,1,0.84850734,True,VERIFY_AND_ALERT,MEDIUM,True
1,1,0.6742053,1,0.9993843,1,0.83983445,True,VERIFY_AND_ALERT,MEDIUM,True
1,1,0.6404168,1,0.99598205,1,0.8215232,True,VERIFY_AND_ALERT,MEDIUM,True
1,1,0.7615494,1,0.9744324,1,0.86998093,True,IMMEDIATE_ALERT,HIGH,True
0,1,0.6055292,0,0.00035972515,0,0.2972875,False,NO_ACTION,NORMAL,True
1,1,0.6834682,1,0.95150673,1,0.819993,True,VERIFY_AND_ALERT,MEDIUM,True
1,1,0.87560236,1,0.9906393,1,0.9341962,True,IMMEDIATE_ALERT,HIGH,True
1,1,0.5005082,1,0.9983241,1,0.7540696,True,VERIFY_AND_ALERT,MEDIUM,True
1,1,0.81118214,1,0.99665666,1,0.9056532,True,IMMEDIATE_ALERT,HIGH,True
1,1,0.5653696,1,0.9977034,1,0.7855778,True,VERIFY_AND_ALERT,MEDIUM,True
1,1,0.5027716,1,0.9986438,1,0.755343,True,VERIFY_AND_ALERT,MEDIUM,True
0,1,0.55539966,0,0.007907595,0,0.2765358,False,NO_ACTION,NORMAL,True
0,0,0.48924908,0,0.0001944088,0,0.24015018,True,NO_ACTION,NORMAL,True
1,1,0.7516796,1,0.99635774,1,0.8763058,True,IMMEDIATE_ALERT,HIGH,True
1,0,0.4976169,1,0.9229466,0,0.7142576,False,NO_ACTION,NORMAL,False
0,0,0.31640399,0,0.00091219426,0,0.15570895,True,NO_ACTION,NORMAL,True
1,1,0.6377001,1,0.9977387,1,0.8210849,True,VERIFY_AND_ALERT,MEDIUM,True
1,1,0.7709793,1,0.9522725,1,0.8633206,True,IMMEDIATE_ALERT,HIGH,True
1,1,0.80699897,1,0.9972047,1,0.9038798,True,IMMEDIATE_ALERT,HIGH,True
1,1,0.5128667,1,0.99221194,1,0.7570201,True,VERIFY_AND_ALERT,MEDIUM,True
1,1,0.564213,1,0.99529016,1,0.7837812,True,VERIFY_AND_ALERT,MEDIUM,True
1,1,0.8868143,1,0.8670438,1,0.8767443,True,IMMEDIATE_ALERT,HIGH,True
1,1,0.6834105,1,0.995323,1,0.8422824,True,VERIFY_AND_ALERT,MEDIUM,True
1,1,0.6972788,1,0.9918126,1,0.8472989,True,VERIFY_AND_ALERT,MEDIUM,True
1,1,0.76746887,1,0.99932086,1,0.8855621,True,IMMEDIATE_ALERT,HIGH,True
1,1,0.70408773,1,0.99807274,1,0.8538283,True,IMMEDIATE_ALERT,HIGH,True
0,0,0.23511635,0,0.0015155554,0,0.11613232,True,NO_ACTION,NORMAL,True
0,0,0.4972898,0,0.07972747,0,0.28460538,True,NO_ACTION,NORMAL,True
1,1,0.9616837,1,0.99914765,1,0.9807658,True,IMMEDIATE_ALERT,HIGH,True
1,1,0.82651496,1,0.9993543,1,0.9145503,True,IMMEDIATE_ALERT,HIGH,True
1,1,0.8352241,1,0.9965539,1,0.9173971,True,IMMEDIATE_ALERT,HIGH,True
1,1,0.88440526,1,0.9930473,1,0.93974185,True,IMMEDIATE_ALERT,HIGH,True
1,1,0.6322362,1,0.9901356,1,0.81453145,True,VERIFY_AND_ALERT,MEDIUM,True
1,1,0.62366885,1,0.9796027,1,0.80496293,True,VERIFY_AND_ALERT,MEDIUM,True
0,0,0.15136701,0,0.00063623395,0,0.07459263,True,NO_ACTION,NORMAL,True
1,1,0.5790902,1,0.9947891,1,0.7908255,True,VERIFY_AND_ALERT,MEDIUM,True
1,1,0.69836193,1,0.9872573,1,0.8455101,True,VERIFY_AND_ALERT,MEDIUM,True
1,1,0.617581,1,0.9933681,1,0.80898726,True,VERIFY_AND_ALERT,MEDIUM,True
1,1,0.9578409,1,0.9990885,1,0.9788503,True,IMMEDIATE_ALERT,HIGH,True
1,1,0.9367038,1,0.9991291,1,0.9685,True,IMMEDIATE_ALERT,HIGH,True
1,1,0.8571646,1,0.9993585,1,0.9295907,True,IMMEDIATE_ALERT,HIGH,True
1,1,0.75054294,1,0.9969061,1,0.87602746,True,IMMEDIATE_ALERT,HIGH,True
1,0,0.46553767,1,0.8759102,0,0.67456,False,NO_ACTION,NORMAL,False
1,1,0.5624146,1,0.9932547,1,0.781862,True,VERIFY_AND_ALERT,MEDIUM,True
1,1,0.7886344,1,0.96772367,1,0.8798531,True,IMMEDIATE_ALERT,HIGH,True
1,1,0.5264748,1,0.99568766,1,0.7654673,True,VERIFY_AND_ALERT,MEDIUM,True
1,1,0.510661,1,0.9656276,1,0.7423972,True,VERIFY_AND_ALERT,MEDIUM,True
1,1,0.50738627,1,0.94461304,1,0.7300867,True,VERIFY_AND_ALERT,MEDIUM,True
1,1,0.88219064,1,0.85609215,1,0.86889744,True,IMMEDIATE_ALERT,HIGH,True
1,1,0.9474782,1,0.994325,1,0.97133946,True,IMMEDIATE_ALERT,HIGH,True
1,1,0.6754929,1,0.99880767,1,0.8401725,True,VERIFY_AND_ALERT,MEDIUM,True
1,1,0.6136359,1,0.99903846,1,0.8099398,True,VERIFY_AND_ALERT,MEDIUM,True
1,1,0.5379023,1,0.99773407,1,0.7721166,True,VERIFY_AND_ALERT,MEDIUM,True
1,1,0.6168426,1,0.7083733,1,0.6634636,True,USER_ALERT,LOW,True
0,0,0.21639532,0,0.0010239809,0,0.10669642,True,NO_ACTION,NORMAL,True
1,1,0.5438868,1,0.6354854,1,0.5905423,True,USER_ALERT,LOW,True
0,0,0.30533668,0,0.00037968907,0,0.15000752,True,NO_ACTION,NORMAL,True
1,1,0.81788236,1,0.99404705,1,0.9076114,True,IMMEDIATE_ALERT,HIGH,True
1,1,0.9630308,1,0.9983261,1,0.9810084,True,IMMEDIATE_ALERT,HIGH,True
1,1,0.6796457,1,0.9954295,1,0.8404895,True,VERIFY_AND_ALERT,MEDIUM,True
1,1,0.96567196,1,0.99913836,1,0.982718,True,IMMEDIATE_ALERT,HIGH,True
1,1,0.9470593,1,0.9954822,1,0.9717233,True,IMMEDIATE_ALERT,HIGH,True
1,1,0.5855057,1,0.9986528,1,0.79594123,True,VERIFY_AND_ALERT,MEDIUM,True
1,1,0.67682916,1,0.99698985,1,0.8399023,True,VERIFY_AND_ALERT,MEDIUM,True
1,1,0.7424028,1,0.9990932,1,0.8731475,True,IMMEDIATE_ALERT,HIGH,True
1,1,0.8052443,1,0.9969464,1,0.90288734,True,IMMEDIATE_ALERT,HIGH,True
1,1,0.81295365,1,0.9729682,1,0.89445674,True,IMMEDIATE_ALERT,HIGH,True
1,1,0.6406138,1,0.9989716,1,0.8231425,True,VERIFY_AND_ALERT,MEDIUM,True
1,1,0.83201975,1,0.97717834,1,0.9059559,True,IMMEDIATE_ALERT,HIGH,True
0,0,0.47000173,0,0.001977695,0,0.23161474,True,NO_ACTION,NORMAL,True
1,1,0.86192983,1,0.98360556,1,0.9239051,True,IMMEDIATE_ALERT,HIGH,True
0,0,0.48176694,0,0.06960502,0,0.2718332,True,NO_ACTION,NORMAL,True
1,1,0.7232367,1,0.99931026,1,0.86385417,True,IMMEDIATE_ALERT,HIGH,True
1,0,0.48714343,1,0.9553997,0,0.7256487,False,NO_ACTION,NORMAL,False
0,0,0.48751986,1,0.6998488,0,0.5956691,False,NO_ACTION,NORMAL,True
1,1,0.5482354,1,0.9953371,1,0.7759657,True,VERIFY_AND_ALERT,MEDIUM,True
1,1,0.53364515,1,0.99559706,1,0.7689393,True,VERIFY_AND_ALERT,MEDIUM,True
0,0,0.30930752,0,0.0012550121,0,0.15240167,True,NO_ACTION,NORMAL,True
1,1,0.5883321,1,0.9983255,1,0.79716134,True,VERIFY_AND_ALERT,MEDIUM,True
1,1,0.72359604,1,0.9485037,1,0.8381522,True,VERIFY_AND_ALERT,MEDIUM,True
0,1,0.52453303,0,0.25949875,0,0.3895384,False,NO_ACTION,NORMAL,True
1,1,0.8378084,1,0.9970529,1,0.9189192,True,IMMEDIATE_ALERT,HIGH,True
1,1,0.681999,1,0.99538136,1,0.8416196,True,VERIFY_AND_ALERT,MEDIUM,True
1,1,0.69004923,1,0.9886635,1,0.84214777,True,VERIFY_AND_ALERT,MEDIUM,True
1,1,0.9490533,1,0.99728787,1,0.9736215,True,IMMEDIATE_ALERT,HIGH,True
1,1,0.5085387,1,0.9913536,1,0.7544594,True,VERIFY_AND_ALERT,MEDIUM,True
1,1,0.9213055,1,0.99691975,1,0.95981944,True,IMMEDIATE_ALERT,HIGH,True
1,1,0.75562304,1,0.99789184,1,0.8790221,True,IMMEDIATE_ALERT,HIGH,True
1,1,0.9484671,1,0.9929109,1,0.9711045,True,IMMEDIATE_ALERT,HIGH,True
1,1,0.67468375,1,0.9982462,1,0.8394896,True,VERIFY_AND_ALERT,MEDIUM,True
1,0,0.46043375,1,0.9855559,0,0.72790354,False,NO_ACTION,NORMAL,False
1,1,0.6515453,0,0.3292369,0,0.48737824,False,NO_ACTION,NORMAL,False
1,1,0.59608704,1,0.9974564,1,0.80052364,True,VERIFY_AND_ALERT,MEDIUM,True
1,1,0.6249507,1,0.9994574,1,0.8157048,True,VERIFY_AND_ALERT,MEDIUM,True
1,1,0.96140283,1,0.9984902,1,0.98029315,True,IMMEDIATE_ALERT,HIGH,True
1,1,0.6834244,1,0.9805572,1,0.8347683,True,VERIFY_AND_ALERT,MEDIUM,True
1,1,0.92813146,1,0.9961746,1,0.96278906,True,IMMEDIATE_ALERT,HIGH,True
1,1,0.5564365,1,0.9882367,1,0.77637297,True,VERIFY_AND_ALERT,MEDIUM,True
1,1,0.83604485,1,0.99818254,1,0.9186293,True,IMMEDIATE_ALERT,HIGH,True
1,1,0.5440261,1,0.99053687,1,0.7714553,True,VERIFY_AND_ALERT,MEDIUM,True
1,1,0.71171683,1,0.9982716,1,0.8576728,True,IMMEDIATE_ALERT,HIGH,True
1,1,0.87193316,0,0.0017645353,0,0.42871472,False,NO_ACTION,NORMAL,False
0,0,0.4406975,0,0.016579216,0,0.22467381,True,NO_ACTION,NORMAL,True
1,1,0.7682638,1,0.996739,1,0.8846371,True,IMMEDIATE_ALERT,HIGH,True
1,1,0.5608225,0,0.004714161,0,0.27756998,False,NO_ACTION,NORMAL,False
1,0,0.49256596,0,0.10014288,0,0.29268613,True,NO_ACTION,NORMAL,False
1,1,0.85192454,1,0.99297416,1,0.9237678,True,IMMEDIATE_ALERT,HIGH,True
0,0,0.42826948,1,0.9635071,0,0.70089155,False,NO_ACTION,NORMAL,True
1,1,0.9087063,1,0.9885039,1,0.9493511,True,IMMEDIATE_ALERT,HIGH,True
1,1,0.62680626,1,0.9936445,1,0.8136544,True,VERIFY_AND_ALERT,MEDIUM,True
1,1,0.510661,1,0.9968515,1,0.758301,True,VERIFY_AND_ALERT,MEDIUM,True
1,1,0.81285703,1,0.9992663,1,0.90780413,True,IMMEDIATE_ALERT,HIGH,True
0,1,0.5194448,0,0.000989132,0,0.2553706,False,NO_ACTION,NORMAL,True
1,1,0.74744964,1,0.9984604,1,0.8753014,True,IMMEDIATE_ALERT,HIGH,True
0,0,0.47212932,0,0.044746943,0,0.25444308,True,NO_ACTION,NORMAL,True
1,1,0.7873108,1,0.99298674,1,0.89207137,True,IMMEDIATE_ALERT,HIGH,True
1,1,0.7470274,1,0.9984315,1,0.8750795,True,IMMEDIATE_ALERT,HIGH,True
1,1,0.5265247,1,0.9954555,1,0.7653735,True,VERIFY_AND_ALERT,MEDIUM,True
1,0,0.29325718,1,0.9597978,0,0.63275814,False,NO_ACTION,NORMAL,False
1,1,0.97248375,1,0.99725515,1,0.985101,True,IMMEDIATE_ALERT,HIGH,True
1,1,0.72749335,0,0.43034235,0,0.57614017,False,NO_ACTION,NORMAL,False
0,0,0.47815147,0,0.051148657,0,0.26065856,True,NO_ACTION,NORMAL,True
1,1,0.5248401,1,0.93284774,1,0.7326579,True,VERIFY_AND_ALERT,MEDIUM,True
1,1,0.9252577,1,0.9994398,1,0.9630422,True,IMMEDIATE_ALERT,HIGH,True
1,1,0.78793615,1,0.98078007,1,0.8861608,True,IMMEDIATE_ALERT,HIGH,True
1,1,0.7828163,1,0.99658966,1,0.8917012,True,IMMEDIATE_ALERT,HIGH,True
0,0,0.308353,0,0.4386383,0,0.37471354,True,NO_ACTION,NORMAL,True
1,1,0.9711729,1,0.99415284,1,0.9828777,True,IMMEDIATE_ALERT,HIGH,True
1,1,0.81673336,1,0.9913031,1,0.90565,True,IMMEDIATE_ALERT,HIGH,True
1,1,0.8639048,1,0.9936306,1,0.92998034,True,IMMEDIATE_ALERT,HIGH,True
1,1,0.5730974,1,0.99808633,1,0.78956455,True,VERIFY_AND_ALERT,MEDIUM,True
1,1,0.5024342,1,0.99684626,1,0.75426185,True,VERIFY_AND_ALERT,MEDIUM,True
1,1,0.51245534,1,0.99774545,1,0.75963676,True,VERIFY_AND_ALERT,MEDIUM,True
0,0,0.31785932,0,0.04551536,0,0.17914155,True,NO_ACTION,NORMAL,True
0,0,0.43939018,1,0.9885843,0,0.719121,False,NO_ACTION,NORMAL,True
0,0,0.48546866,0,0.23997805,0,0.36042857,True,NO_ACTION,NORMAL,True
1,1,0.6013672,1,0.9623685,1,0.7852424,True,VERIFY_AND_ALERT,MEDIUM,True
1,1,0.56795317,0,0.010948645,0,0.28424418,False,NO_ACTION,NORMAL,False
1,1,0.72081286,1,0.96459496,1,0.84498274,True,VERIFY_AND_ALERT,MEDIUM,True
1,1,0.5677687,1,0.9538783,1,0.7644328,True,VERIFY_AND_ALERT,MEDIUM,True
1,1,0.89539295,1,0.9980101,1,0.94766074,True,IMMEDIATE_ALERT,HIGH,True
1,1,0.8967117,1,0.98732567,1,0.9428657,True,IMMEDIATE_ALERT,HIGH,True
1,1,0.51929325,1,0.9986162,1,0.76343536,True,VERIFY_AND_ALERT,MEDIUM,True
0,1,0.510661,0,0.001496233,0,0.25131908,False,NO_ACTION,NORMAL,True
1,1,0.8811982,1,0.9938235,1,0.93856364,True,IMMEDIATE_ALERT,HIGH,True
1,1,0.6851044,1,0.99935323,1,0.8451663,True,VERIFY_AND_ALERT,MEDIUM,True
1,1,0.7498857,1,0.9781441,1,0.8661486,True,IMMEDIATE_ALERT,HIGH,True
1,1,0.5098776,1,0.99387723,1,0.7564017,True,VERIFY_AND_ALERT,MEDIUM,True
1,1,0.5759153,1,0.9931491,1,0.78843236,True,VERIFY_AND_ALERT,MEDIUM,True
1,1,0.6521665,1,0.9993631,1,0.82901037,True,VERIFY_AND_ALERT,MEDIUM,True
0,0,0.4071504,0,0.0010831257,0,0.20032094,True,NO_ACTION,NORMAL,True
0,1,0.54026395,0,0.0113912,0,0.27088383,False,NO_ACTION,NORMAL,True
1,1,0.6219576,0,0.011322228,0,0.31093186,False,NO_ACTION,NORMAL,False
1,1,0.613971,1,0.9826713,1,0.8017677,True,VERIFY_AND_ALERT,MEDIUM,True
1,1,0.5924141,1,0.994234,1,0.79708016,True,VERIFY_AND_ALERT,MEDIUM,True
1,1,0.50775796,1,0.989631,1,0.75319886,True,VERIFY_AND_ALERT,MEDIUM,True
0,0,0.49190956,0,0.33497506,0,0.41197532,True,NO_ACTION,NORMAL,True
0,0,0.3401036,0,0.0012177867,0,0.16749288,True,NO_ACTION,NORMAL,True
1,0,0.46857157,1,0.592264,0,0.531574,False,NO_ACTION,NORMAL,False
0,1,0.7285281,0,0.0004576081,0,0.35768703,False,NO_ACTION,NORMAL,True
1,1,0.9506246,1,0.9985851,1,0.9750532,True,IMMEDIATE_ALERT,HIGH,True
1,1,0.510661,1,0.996831,1,0.75829065,True,VERIFY_AND_ALERT,MEDIUM,True
1,1,0.72865856,1,0.9830032,1,0.8582084,True,IMMEDIATE_ALERT,HIGH,True
1,1,0.52378833,1,0.9970854,1,0.7648611,True,VERIFY_AND_ALERT,MEDIUM,True
1,1,0.66214764,1,0.999012,1,0.83372873,True,VERIFY_AND_ALERT,MEDIUM,True
1,1,0.9101669,1,0.83662176,1,0.8727069,True,IMMEDIATE_ALERT,HIGH,True
1,0,0.47727188,1,0.93229234,0,0.7090355,False,NO_ACTION,NORMAL,False
1,1,0.8307077,1,0.9988703,1,0.916361,True,IMMEDIATE_ALERT,HIGH,True
1,1,0.96279085,1,0.99618226,1,0.9797987,True,IMMEDIATE_ALERT,HIGH,True
1,1,0.7464993,1,0.99252135,1,0.8718101,True,IMMEDIATE_ALERT,HIGH,True
1,0,0.41640624,1,0.96699077,0,0.69684523,False,NO_ACTION,NORMAL,False
1,1,0.66229236,1,0.9897097,1,0.8290616,True,VERIFY_AND_ALERT,MEDIUM,True
1,1,0.7367683,1,0.99861324,1,0.87013847,True,IMMEDIATE_ALERT,HIGH,True
1,1,0.86447465,1,0.9990139,1,0.9330019,True,IMMEDIATE_ALERT,HIGH,True
1,1,0.5578728,0,0.17694765,0,0.36384943,False,NO_ACTION,NORMAL,False
1,1,0.7293974,1,0.99654764,1,0.8654698,True,IMMEDIATE_ALERT,HIGH,True
1,1,0.73847467,1,0.99890685,1,0.8711252,True,IMMEDIATE_ALERT,HIGH,True
1,1,0.56505096,1,0.99815065,1,0.7856493,True,VERIFY_AND_ALERT,MEDIUM,True
0,0,0.44105622,0,0.00078608346,0,0.21680562,True,NO_ACTION,NORMAL,True
1,1,0.5793372,1,0.9962568,1,0.7916943,True,VERIFY_AND_ALERT,MEDIUM,True
1,1,0.777409,1,0.9378342,1,0.8591212,True,IMMEDIATE_ALERT,HIGH,True
1,1,0.9052667,1,0.92916465,1,0.9174391,True,IMMEDIATE_ALERT,HIGH,True
1,1,0.5005981,1,0.9827077,1,0.74615955,True,VERIFY_AND_ALERT,MEDIUM,True
1,0,0.4193472,1,0.9891216,0,0.7095605,False,NO_ACTION,NORMAL,False
1,1,0.9853624,1,0.99920267,1,0.99241185,True,IMMEDIATE_ALERT,HIGH,True
1,1,0.58288705,1,0.9959096,1,0.79325914,True,VERIFY_AND_ALERT,MEDIUM,True
1,1,0.8084929,1,0.94511175,1,0.8780794,True,IMMEDIATE_ALERT,HIGH,True
0,1,0.510661,0,0.39614457,0,0.45233232,False,NO_ACTION,NORMAL,True
0,0,0.23207764,0,0.22830893,0,0.23015806,True,NO_ACTION,NORMAL,True
1,1,0.510661,1,0.9995334,1,0.75966704,True,VERIFY_AND_ALERT,MEDIUM,True
1,1,0.8800249,1,0.9885222,1,0.9352877,True,IMMEDIATE_ALERT,HIGH,True
1,1,0.74129367,1,0.9985262,1,0.87231445,True,IMMEDIATE_ALERT,HIGH,True
0,0,0.3080159,0,0.31273177,0,0.31041795,True,NO_ACTION,NORMAL,True
1,0,0.33944425,0,0.0023087205,0,0.16772503,True,NO_ACTION,NORMAL,False
0,0,0.23815389,1,0.9759212,0,0.613934,False,NO_ACTION,NORMAL,True
1,1,0.8401272,1,0.99912626,1,0.921113,True,IMMEDIATE_ALERT,HIGH,True
0,0,0.3520092,0,0.042405494,0,0.19431326,True,NO_ACTION,NORMAL,True
1,1,0.678643,1,0.9811947,1,0.832747,True,VERIFY_AND_ALERT,MEDIUM,True
1,1,0.67262214,1,0.9949694,1,0.83680904,True,VERIFY_AND_ALERT,MEDIUM,True
1,1,0.9796919,1,0.99869055,1,0.9893688,True,IMMEDIATE_ALERT,HIGH,True
1,1,0.5465916,1,0.99861825,1,0.7768303,True,VERIFY_AND_ALERT,MEDIUM,True
1,1,0.9070559,1,0.9945181,1,0.9516046,True,IMMEDIATE_ALERT,HIGH,True
1,1,0.5436545,1,0.9984244,1,0.7752905,True,VERIFY_AND_ALERT,MEDIUM,True
1,1,0.88666314,1,0.99924374,1,0.9440058,True,IMMEDIATE_ALERT,HIGH,True
1,1,0.5657747,1,0.8704912,1,0.72098136,True,VERIFY_AND_ALERT,MEDIUM,True
0,0,0.3440181,0,0.031109916,0,0.18463902,True,NO_ACTION,NORMAL,True
1,1,0.5349406,1,0.99340034,1,0.76845604,True,VERIFY_AND_ALERT,MEDIUM,True
1,1,0.7319067,1,0.9900857,1,0.86340964,True,IMMEDIATE_ALERT,HIGH,True
1,1,0.9146419,1,0.9982173,1,0.95721084,True,IMMEDIATE_ALERT,HIGH,True
1,1,0.81363785,1,0.81084365,1,0.8122146,True,VERIFY_AND_ALERT,MEDIUM,True
0,1,0.51581055,0,0.27684227,0,0.39409262,False,NO_ACTION,NORMAL,True
1,1,0.6665551,1,0.99487853,1,0.8337859,True,VERIFY_AND_ALERT,MEDIUM,True
1,1,0.8579543,1,0.99801135,1,0.9292921,True,IMMEDIATE_ALERT,HIGH,True
1,1,0.59248286,1,0.995989,1,0.7980078,True,VERIFY_AND_ALERT,MEDIUM,True
1,1,0.60868126,1,0.99569607,1,0.8058064,True,VERIFY_AND_ALERT,MEDIUM,True
0,0,0.49438527,0,0.10965174,0,0.2984221,True,NO_ACTION,NORMAL,True
1,1,0.7027102,1,0.998417,1,0.8533278,True,IMMEDIATE_ALERT,HIGH,True
1,1,0.51124626,1,0.92705566,1,0.72303784,True,VERIFY_AND_ALERT,MEDIUM,True
1,1,0.55781853,1,0.99785787,1,0.7819516,True,VERIFY_AND_ALERT,MEDIUM,True
1,1,0.58247983,0,0.42799374,0,0.5037927,False,NO_ACTION,NORMAL,False
1,1,0.5194423,1,0.9972486,1,0.7628119,True,VERIFY_AND_ALERT,MEDIUM,True
0,1,0.510661,1,0.9843349,1,0.7519257,True,VERIFY_AND_ALERT,MEDIUM,False
1,1,0.6831511,1,0.998135,1,0.84358746,True,VERIFY_AND_ALERT,MEDIUM,True
1,1,0.63356906,1,0.50008047,1,0.5655769,True,USER_ALERT,LOW,True
0,0,0.35169724,0,0.1350319,0,0.24133924,True,NO_ACTION,NORMAL,True
1,1,0.77460057,1,0.93766564,1,0.8576574,True,IMMEDIATE_ALERT,HIGH,True
0,1,0.51777476,1,0.9897859,1,0.75819254,True,VERIFY_AND_ALERT,MEDIUM,False
1,1,0.6995237,1,0.9982085,1,0.8516581,True,IMMEDIATE_ALERT,HIGH,True
1,1,0.8554728,1,0.98625934,1,0.9220886,True,IMMEDIATE_ALERT,HIGH,True
1,1,0.5964667,1,0.9252154,1,0.7639141,True,VERIFY_AND_ALERT,MEDIUM,True
1,1,0.72073495,1,0.9954104,1,0.8606403,True,IMMEDIATE_ALERT,HIGH,True
1,1,0.7080179,1,0.9989755,1,0.8562165,True,IMMEDIATE_ALERT,HIGH,True
1,1,0.8417409,1,0.9985884,1,0.9216308,True,IMMEDIATE_ALERT,HIGH,True
1,1,0.6058448,1,0.9911451,1,0.8020966,True,VERIFY_AND_ALERT,MEDIUM,True
0,0,0.21068065,0,0.021387363,0,0.11426454,True,NO_ACTION,NORMAL,True
1,1,0.83648276,1,0.9981048,1,0.9188046,True,IMMEDIATE_ALERT,HIGH,True
1,1,0.64152914,1,0.91964996,1,0.78318936,True,VERIFY_AND_ALERT,MEDIUM,True
0,0,0.37747818,0,0.0006940409,0,0.18556404,True,NO_ACTION,NORMAL,True
1,1,0.71626395,1,0.98737806,1,0.85435534,True,IMMEDIATE_ALERT,HIGH,True
1,1,0.7358172,1,0.9817053,1,0.8610598,True,IMMEDIATE_ALERT,HIGH,True
1,1,0.81604254,1,0.9985964,1,0.9090259,True,IMMEDIATE_ALERT,HIGH,True
1,1,0.6471668,0,0.003270748,0,0.3191998,False,NO_ACTION,NORMAL,False
1,1,0.742326,1,0.9939752,1,0.870503,True,IMMEDIATE_ALERT,HIGH,True
1,0,0.48361963,1,0.8803519,0,0.68569434,False,NO_ACTION,NORMAL,False
0,0,0.32938126,0,0.040389225,0,0.18218382,True,NO_ACTION,NORMAL,True
1,1,0.87903804,1,0.9816822,1,0.9313196,True,IMMEDIATE_ALERT,HIGH,True
0,0,0.37671548,0,0.47252676,0,0.42551672,True,NO_ACTION,NORMAL,True
1,1,0.8891853,1,0.99845195,1,0.94484,True,IMMEDIATE_ALERT,HIGH,True
1,1,0.9015536,1,0.99688536,1,0.9501106,True,IMMEDIATE_ALERT,HIGH,True
1,1,0.91837984,1,0.99876714,1,0.95932496,True,IMMEDIATE_ALERT,HIGH,True
1,1,0.80069387,1,0.91184,1,0.8573059,True,IMMEDIATE_ALERT,HIGH,True
0,0,0.38039786,0,0.07348118,0,0.22407053,True,NO_ACTION,NORMAL,True
1,1,0.6368689,1,0.99862635,1,0.82112926,True,VERIFY_AND_ALERT,MEDIUM,True
1,1,0.92265433,1,0.96934736,1,0.94643736,True,IMMEDIATE_ALERT,HIGH,True
1,1,0.8186809,1,0.9896276,1,0.9057522,True,IMMEDIATE_ALERT,HIGH,True
1,1,0.5618241,1,0.99864966,1,0.78432024,True,VERIFY_AND_ALERT,MEDIUM,True
0,0,0.42827544,0,0.023326462,0,0.22201559,True,NO_ACTION,NORMAL,True
0,0,0.4253613,0,0.0002770213,0,0.20884559,True,NO_ACTION,NORMAL,True
1,1,0.510661,1,0.9650742,1,0.7421153,True,VERIFY_AND_ALERT,MEDIUM,True
0,0,0.42600933,1,0.9154322,0,0.67529577,False,NO_ACTION,NORMAL,True
1,1,0.63942,1,0.9007315,1,0.7725184,True,VERIFY_AND_ALERT,MEDIUM,True
0,0,0.32149914,1,0.97736645,0,0.65556365,False,NO_ACTION,NORMAL,True
0,0,0.4914759,0,0.0030830386,0,0.2427141,True,NO_ACTION,NORMAL,True
1,1,0.6744264,1,0.9990532,1,0.8397743,True,VERIFY_AND_ALERT,MEDIUM,True
0,0,0.49202293,0,0.00049662474,0,0.24166512,True,NO_ACTION,NORMAL,True
0,0,0.44037753,0,0.12239563,0,0.27841416,True,NO_ACTION,NORMAL,True
1,1,0.83180714,1,0.99916077,1,0.91704834,True,IMMEDIATE_ALERT,HIGH,True
1,1,0.7897795,1,0.9989617,1,0.89632595,True,IMMEDIATE_ALERT,HIGH,True
1,1,0.75806475,1,0.99823296,1,0.88039386,True,IMMEDIATE_ALERT,HIGH,True
1,1,0.6527288,1,0.9954169,1,0.8272762,True,VERIFY_AND_ALERT,MEDIUM,True
1,1,0.66347003,1,0.9962865,1,0.83298934,True,VERIFY_AND_ALERT,MEDIUM,True
1,1,0.557977,1,0.9021081,1,0.7332594,True,VERIFY_AND_ALERT,MEDIUM,True
1,1,0.7329452,1,0.9951114,1,0.866479,True,IMMEDIATE_ALERT,HIGH,True
1,1,0.924231,1,0.9994543,1,0.9625459,True,IMMEDIATE_ALERT,HIGH,True
1,1,0.66599244,1,0.9994424,1,0.8358344,True,VERIFY_AND_ALERT,MEDIUM,True
1,1,0.5804342,1,0.9573992,1,0.77244043,True,VERIFY_AND_ALERT,MEDIUM,True
1,1,0.7820747,1,0.9858348,1,0.88585943,True,IMMEDIATE_ALERT,HIGH,True
0,0,0.4283929,0,0.009982081,0,0.21527629,True,NO_ACTION,NORMAL,True
1,1,0.8669995,1,0.9845803,1,0.92688906,True,IMMEDIATE_ALERT,HIGH,True
1,1,0.510661,1,0.97474176,1,0.7470395,True,VERIFY_AND_ALERT,MEDIUM,True
1,1,0.6824341,1,0.99205303,1,0.84013784,True,VERIFY_AND_ALERT,MEDIUM,True
1,1,0.7962195,1,0.99910223,1,0.89955735,True,IMMEDIATE_ALERT,HIGH,True
1,1,0.8038984,1,0.99371195,1,0.9005795,True,IMMEDIATE_ALERT,HIGH,True
1,1,0.8322938,1,0.9972893,1,0.9163339,True,IMMEDIATE_ALERT,HIGH,True
1,1,0.5081891,1,0.8511813,1,0.6828914,True,USER_ALERT,LOW,True
1,1,0.9820187,1,0.9961039,1,0.98919296,True,IMMEDIATE_ALERT,HIGH,True
1,1,0.7647859,1,0.99930143,1,0.88423586,True,IMMEDIATE_ALERT,HIGH,True
1,1,0.840141,1,0.9947549,1,0.9188932,True,IMMEDIATE_ALERT,HIGH,True
1,1,0.67493916,1,0.9953447,1,0.838137,True,VERIFY_AND_ALERT,MEDIUM,True
0,0,0.44680467,0,0.04333056,0,0.24129604,True,NO_ACTION,NORMAL,True
0,0,0.32849362,0,0.31769153,0,0.3229916,True,NO_ACTION,NORMAL,True
0,1,0.8292075,1,0.998784,1,0.91558087,True,IMMEDIATE_ALERT,HIGH,False
1,1,0.5404349,1,0.9763541,1,0.76246935,True,VERIFY_AND_ALERT,MEDIUM,True
1,0,0.47754505,1,0.9865617,0,0.7368115,False,NO_ACTION,NORMAL,False
1,1,0.8753407,1,0.9987263,1,0.9381869,True,IMMEDIATE_ALERT,HIGH,True
1,1,0.5923547,1,0.9979672,1,0.7989525,True,VERIFY_AND_ALERT,MEDIUM,True
0,0,0.2942323,1,0.99201,0,0.6496438,False,NO_ACTION,NORMAL,True
1,1,0.6464172,1,0.9987435,1,0.82587373,True,VERIFY_AND_ALERT,MEDIUM,True
1,1,0.5277031,1,0.9753086,1,0.75569,True,VERIFY_AND_ALERT,MEDIUM,True
0,0,0.4927497,0,0.009701199,0,0.24671003,True,NO_ACTION,NORMAL,True
1,1,0.57537425,1,0.9977053,1,0.79048765,True,VERIFY_AND_ALERT,MEDIUM,True
0,0,0.28491384,0,0.00095570734,0,0.14028041,True,NO_ACTION,NORMAL,True
0,1,0.67498887,0,0.07279995,0,0.3682653,False,NO_ACTION,NORMAL,True
0,0,0.22127357,0,0.00015048271,0,0.10864503,True,NO_ACTION,NORMAL,True
1,1,0.51533896,1,0.99705875,1,0.7607019,True,VERIFY_AND_ALERT,MEDIUM,True
1,1,0.8162339,1,0.9981822,1,0.90890884,True,IMMEDIATE_ALERT,HIGH,True
1,1,0.6895714,1,0.9239006,1,0.80892646,True,VERIFY_AND_ALERT,MEDIUM,True
1,1,0.53421664,1,0.9932294,1,0.7680137,True,VERIFY_AND_ALERT,MEDIUM,True
1,1,0.53149444,1,0.999371,1,0.7698063,True,VERIFY_AND_ALERT,MEDIUM,True
1,1,0.94018966,1,0.99844956,1,0.96986425,True,IMMEDIATE_ALERT,HIGH,True
0,0,0.3683016,0,0.00065541296,0,0.18104185,True,NO_ACTION,NORMAL,True
1,1,0.72382116,1,0.79264027,1,0.75887406,True,VERIFY_AND_ALERT,MEDIUM,True
1,1,0.8303749,1,0.9941222,1,0.91377926,True,IMMEDIATE_ALERT,HIGH,True
1,0,0.4953385,1,0.99683505,0,0.7507746,False,NO_ACTION,NORMAL,False
0,0,0.49388865,0,0.2936212,0,0.3918829,True,NO_ACTION,NORMAL,True
0,1,0.510661,1,0.66348964,1,0.58850396,True,USER_ALERT,LOW,False
1,0,0.49193537,1,0.9947161,0,0.7480256,False,NO_ACTION,NORMAL,False
1,1,0.6034308,0,0.116287574,0,0.3553055,False,NO_ACTION,NORMAL,False
1,1,0.6662639,1,0.9845963,1,0.8284058,True,VERIFY_AND_ALERT,MEDIUM,True
1,1,0.59503615,1,0.9989343,1,0.80076075,True,VERIFY_AND_ALERT,MEDIUM,True
1,1,0.8819962,1,0.9929878,1,0.93852955,True,IMMEDIATE_ALERT,HIGH,True
1,1,0.87320536,1,0.9981566,1,0.936849,True,IMMEDIATE_ALERT,HIGH,True
1,1,0.5696548,1,0.99685574,1,0.7872486,True,VERIFY_AND_ALERT,MEDIUM,True
0,0,0.2822859,1,0.97924006,0,0.6372779,False,NO_ACTION,NORMAL,True
1,1,0.66193855,1,0.99895835,1,0.83359885,True,VERIFY_AND_ALERT,MEDIUM,True
1,1,0.6298972,1,0.8591587,1,0.746671,True,VERIFY_AND_ALERT,MEDIUM,True
1,1,0.74819505,1,0.9993363,1,0.8761133,True,IMMEDIATE_ALERT,HIGH,True
1,1,0.52061254,1,0.99910337,1,0.76433074,True,VERIFY_AND_ALERT,MEDIUM,True
1,1,0.71486455,1,0.9992268,1,0.85970384,True,IMMEDIATE_ALERT,HIGH,True
1,1,0.5955944,1,0.90436465,1,0.7528658,True,VERIFY_AND_ALERT,MEDIUM,True
1,1,0.91133755,1,0.9495855,1,0.93081903,True,IMMEDIATE_ALERT,HIGH,True
1,1,0.68948567,1,0.96096057,1,0.8277608,True,VERIFY_AND_ALERT,MEDIUM,True
0,0,0.40952295,0,0.01621173,0,0.20919077,True,NO_ACTION,NORMAL,True
1,1,0.91756403,1,0.9934528,1,0.95621777,True,IMMEDIATE_ALERT,HIGH,True
1,1,0.5342032,1,0.7817092,1,0.6602698,True,USER_ALERT,LOW,True
0,1,0.5664023,0,0.013416435,0,0.2847402,False,NO_ACTION,NORMAL,True
1,1,0.77510566,1,0.99878186,1,0.8890346,True,IMMEDIATE_ALERT,HIGH,True
1,1,0.8632732,1,0.9568299,1,0.9109261,True,IMMEDIATE_ALERT,HIGH,True
1,1,0.66636354,1,0.84343755,1,0.7565558,True,VERIFY_AND_ALERT,MEDIUM,True
1,1,0.5394711,1,0.9963814,1,0.7721973,True,VERIFY_AND_ALERT,MEDIUM,True
0,0,0.19626273,0,0.0062344903,0,0.09947228,True,NO_ACTION,NORMAL,True
1,1,0.5907423,1,0.8625535,1,0.7291887,True,VERIFY_AND_ALERT,MEDIUM,True
1,1,0.6146265,0,0.0011087419,0,0.3021326,False,NO_ACTION,NORMAL,False
0,1,0.73899865,1,0.91677636,1,0.8295493,True,VERIFY_AND_ALERT,MEDIUM,False
0,1,0.5147592,0,0.12332432,0,0.31538272,False,NO_ACTION,NORMAL,True
0,0,0.34190273,0,0.001154632,0,0.16834345,True,NO_ACTION,NORMAL,True
1,1,0.76347876,1,0.738014,1,0.7505083,True,VERIFY_AND_ALERT,MEDIUM,True
0,0,0.39339504,0,0.0006194672,0,0.19333568,True,NO_ACTION,NORMAL,True
1,1,0.6201002,1,0.9961908,1,0.8116611,True,VERIFY_AND_ALERT,MEDIUM,True
1,1,0.61758167,1,0.9991804,1,0.8119481,True,VERIFY_AND_ALERT,MEDIUM,True
1,0,0.47433046,1,0.86981446,0,0.6757693,False,NO_ACTION,NORMAL,False
0,1,0.6649669,0,0.016030064,0,0.3344324,False,NO_ACTION,NORMAL,True
1,1,0.6250511,1,0.99144894,1,0.81167495,True,VERIFY_AND_ALERT,MEDIUM,True
1,1,0.7371004,1,0.9931317,1,0.86750937,True,IMMEDIATE_ALERT,HIGH,True
1,1,0.63881147,1,0.95785075,1,0.8013134,True,VERIFY_AND_ALERT,MEDIUM,True
1,1,0.97532994,1,0.99911577,1,0.98744524,True,IMMEDIATE_ALERT,HIGH,True
1,1,0.8125931,1,0.9936447,1,0.9048113,True,IMMEDIATE_ALERT,HIGH,True
1,1,0.797387,1,0.99727243,1,0.8991982,True,IMMEDIATE_ALERT,HIGH,True
0,0,0.4508279,1,0.9490655,0,0.7046041,False,NO_ACTION,NORMAL,True
1,1,0.86706626,1,0.9913344,1,0.9303619,True,IMMEDIATE_ALERT,HIGH,True
1,1,0.7345284,0,0.024110101,0,0.37267846,False,NO_ACTION,NORMAL,False
1,0,0.4627249,0,0.07736483,0,0.26644263,True,NO_ACTION,NORMAL,False
1,0,0.47154966,1,0.998833,0,0.7401202,False,NO_ACTION,NORMAL,False
0,1,0.7102062,1,0.9381965,1,0.82633257,True,VERIFY_AND_ALERT,MEDIUM,False
1,0,0.42396232,1,0.99686533,0,0.7157692,False,NO_ACTION,NORMAL,False
1,1,0.536243,1,0.83268297,1,0.68723404,True,USER_ALERT,LOW,True
1,0,0.45976916,1,0.95438004,0,0.71169806,False,NO_ACTION,NORMAL,False
1,1,0.7415084,1,0.9980458,1,0.8721752,True,IMMEDIATE_ALERT,HIGH,True
0,1,0.510661,1,0.9925821,1,0.7561264,True,VERIFY_AND_ALERT,MEDIUM,False
1,1,0.7329234,1,0.9986589,1,0.86827517,True,IMMEDIATE_ALERT,HIGH,True
0,0,0.32619262,0,0.3195336,0,0.32280087,True,NO_ACTION,NORMAL,True
1,0,0.37735167,1,0.9991874,0,0.69408226,False,NO_ACTION,NORMAL,False
1,1,0.69354934,1,0.9987135,1,0.848984,True,VERIFY_AND_ALERT,MEDIUM,True
1,1,0.84863883,1,0.9982609,1,0.92484856,True,IMMEDIATE_ALERT,HIGH,True
0,1,0.60376203,1,0.98216015,1,0.7964983,True,VERIFY_AND_ALERT,MEDIUM,False
1,1,0.6344505,1,0.99926406,1,0.82026744,True,VERIFY_AND_ALERT,MEDIUM,True
1,1,0.6219062,1,0.9814129,1,0.8050201,True,VERIFY_AND_ALERT,MEDIUM,True
0,0,0.35601908,1,0.680726,0,0.52140784,False,NO_ACTION,NORMAL,True
0,0,0.33962646,0,0.0004013255,0,0.16684291,True,NO_ACTION,NORMAL,True
0,0,0.14178246,1,0.9459647,0,0.5513908,False,NO_ACTION,NORMAL,True
1,1,0.83770895,1,0.9955617,1,0.9181109,True,IMMEDIATE_ALERT,HIGH,True
1,1,0.9123318,1,0.9989066,1,0.9564285,True,IMMEDIATE_ALERT,HIGH,True
1,1,0.55956435,1,0.9937319,1,0.7807066,True,VERIFY_AND_ALERT,MEDIUM,True
0,0,0.39391726,0,0.0017589994,0,0.19417234,True,NO_ACTION,NORMAL,True
1,1,0.77071303,1,0.9844774,1,0.8795935,True,IMMEDIATE_ALERT,HIGH,True
1,1,0.63525707,1,0.9984371,1,0.820242,True,VERIFY_AND_ALERT,MEDIUM,True
0,0,0.42645288,0,0.27665305,0,0.35015267,True,NO_ACTION,NORMAL,True
1,1,0.67017055,1,0.9995142,1,0.837921,True,VERIFY_AND_ALERT,MEDIUM,True
0,0,0.3979879,1,0.7601765,0,0.5824678,False,NO_ACTION,NORMAL,True
1,1,0.8133621,1,0.9694289,1,0.89285433,True,IMMEDIATE_ALERT,HIGH,True
0,0,0.3064551,0,0.0080482075,0,0.15446223,True,NO_ACTION,NORMAL,True
0,0,0.30823097,1,0.8845935,0,0.6017999,False,NO_ACTION,NORMAL,True
1,1,0.88673395,1,0.9972404,1,0.94302016,True,IMMEDIATE_ALERT,HIGH,True
1,1,0.87359154,1,0.99096304,1,0.9333744,True,IMMEDIATE_ALERT,HIGH,True
0,0,0.3923462,0,0.053462338,0,0.21973647,True,NO_ACTION,NORMAL,True
1,1,0.510661,1,0.8340281,1,0.67536736,True,USER_ALERT,LOW,True
1,1,0.8990702,1,0.998659,1,0.94979554,True,IMMEDIATE_ALERT,HIGH,True
1,0,0.47049877,1,0.9956383,0,0.7379774,False,NO_ACTION,NORMAL,False
0,0,0.47677627,1,0.9430803,0,0.71428716,False,NO_ACTION,NORMAL,True
0,0,0.37759015,0,0.0019658436,0,0.18626676,True,NO_ACTION,NORMAL,True
1,1,0.8909801,0,0.013808826,0,0.4441949,False,NO_ACTION,NORMAL,False
1,1,0.80633277,1,0.99769944,1,0.90380496,True,IMMEDIATE_ALERT,HIGH,True
1,1,0.745771,1,0.99849653,1,0.87449616,True,IMMEDIATE_ALERT,HIGH,True
1,1,0.6602162,1,0.9989135,1,0.83273095,True,VERIFY_AND_ALERT,MEDIUM,True
1,1,0.9324368,1,0.8762973,1,0.90384233,True,IMMEDIATE_ALERT,HIGH,True
0,1,0.5256959,0,0.09393929,0,0.30578166,False,NO_ACTION,NORMAL,True
1,0,0.49743173,1,0.9763693,0,0.7413775,False,NO_ACTION,NORMAL,False
1,1,0.71818316,1,0.98315954,1,0.8531483,True,IMMEDIATE_ALERT,HIGH,True
0,0,0.32277203,0,0.000391784,0,0.15856838,True,NO_ACTION,NORMAL,True
1,1,0.83911127,1,0.99839205,1,0.9202405,True,IMMEDIATE_ALERT,HIGH,True
1,1,0.62818164,1,0.8823768,1,0.7576554,True,VERIFY_AND_ALERT,MEDIUM,True
1,1,0.50287956,1,0.9960323,1,0.75406575,True,VERIFY_AND_ALERT,MEDIUM,True
0,1,0.53849226,0,0.0020955587,0,0.26527983,False,NO_ACTION,NORMAL,True
1,1,0.5109355,1,0.9988502,1,0.7594538,True,VERIFY_AND_ALERT,MEDIUM,True
1,1,0.6967601,1,0.97910243,1,0.84057057,True,VERIFY_AND_ALERT,MEDIUM,True
0,1,0.70785564,1,0.9664161,1,0.8395528,True,VERIFY_AND_ALERT,MEDIUM,False
0,1,0.5959004,0,0.005014808,0,0.29493415,False,NO_ACTION,NORMAL,True
1,1,0.769881,1,0.9984421,1,0.88629806,True,IMMEDIATE_ALERT,HIGH,True
1,1,0.965719,1,0.9866681,1,0.9763894,True,IMMEDIATE_ALERT,HIGH,True
1,1,0.54129976,1,0.9951668,1,0.7724759,True,VERIFY_AND_ALERT,MEDIUM,True
1,1,0.7785691,1,0.9980254,1,0.8903487,True,IMMEDIATE_ALERT,HIGH,True
1,1,0.5297701,0,0.27131388,0,0.398126,False,NO_ACTION,NORMAL,False
0,1,0.5131946,0,0.0047772806,0,0.2542334,False,NO_ACTION,NORMAL,True
1,1,0.5851037,1,0.9955089,1,0.7941427,True,VERIFY_AND_ALERT,MEDIUM,True
1,1,0.70785564,1,0.9664161,1,0.8395528,True,VERIFY_AND_ALERT,MEDIUM,True
1,1,0.5983271,1,0.99325997,1,0.7994852,True,VERIFY_AND_ALERT,MEDIUM,True
1,1,0.82233167,1,0.9420047,1,0.88328683,True,IMMEDIATE_ALERT,HIGH,True
1,0,0.47256473,1,0.993806,0,0.73805785,False,NO_ACTION,NORMAL,False
0,0,0.42342326,0,0.00024385657,0,0.20787778,True,NO_ACTION,NORMAL,True
1,1,0.87659234,1,0.9890632,1,0.93387914,True,IMMEDIATE_ALERT,HIGH,True
1,1,0.6307659,1,0.9985091,1,0.81807506,True,VERIFY_AND_ALERT,MEDIUM,True
0,0,0.49894154,0,0.0017150162,0,0.24568033,True,NO_ACTION,NORMAL,True
0,0,0.2762338,0,0.0017687456,0,0.13643564,True,NO_ACTION,NORMAL,True
1,1,0.9780082,1,0.9993886,1,0.9888983,True,IMMEDIATE_ALERT,HIGH,True
1,0,0.41132143,1,0.9932029,0,0.70770144,False,NO_ACTION,NORMAL,False
0,1,0.7327056,1,0.99691355,1,0.8672793,True,IMMEDIATE_ALERT,HIGH,False
1,1,0.8460951,1,0.9737631,1,0.91112256,True,IMMEDIATE_ALERT,HIGH,True
0,0,0.29798806,0,0.019233717,0,0.15600516,True,NO_ACTION,NORMAL,True
1,1,0.87921786,0,0.12114134,0,0.49309328,False,NO_ACTION,NORMAL,False
1,1,0.72559834,1,0.9982622,1,0.86447906,True,IMMEDIATE_ALERT,HIGH,True
1,1,0.51254684,1,0.775302,1,0.6463806,True,USER_ALERT,LOW,True
1,1,0.81531405,0,0.19044863,0,0.49704027,False,NO_ACTION,NORMAL,False
1,1,0.92924196,1,0.9907177,1,0.9605545,True,IMMEDIATE_ALERT,HIGH,True
1,1,0.97202015,1,0.9971168,1,0.9848031,True,IMMEDIATE_ALERT,HIGH,True
1,1,0.7210207,1,0.9943473,1,0.86023897,True,IMMEDIATE_ALERT,HIGH,True
1,1,0.6272193,0,0.4263183,0,0.52489084,False,NO_ACTION,NORMAL,False
1,1,0.7450859,0,0.25289705,0,0.4943906,False,NO_ACTION,NORMAL,False
0,0,0.3892308,0,0.00026516177,0,0.19111203,True,NO_ACTION,NORMAL,True
1,1,0.5454257,1,0.99256295,1,0.77317405,True,VERIFY_AND_ALERT,MEDIUM,True
1,1,0.74426013,1,0.9990017,1,0.8740122,True,IMMEDIATE_ALERT,HIGH,True
1,1,0.6897885,1,0.8654181,1,0.779245,True,VERIFY_AND_ALERT,MEDIUM,True
1,1,0.6279789,1,0.9993437,1,0.8171327,True,VERIFY_AND_ALERT,MEDIUM,True
1,1,0.91879416,1,0.9990902,1,0.9596927,True,IMMEDIATE_ALERT,HIGH,True
0,0,0.45144263,0,0.03279204,0,0.2382039,True,NO_ACTION,NORMAL,True
1,0,0.43404078,1,0.9904028,0,0.71742254,False,NO_ACTION,NORMAL,False
1,1,0.94368887,1,0.99932504,1,0.972027,True,IMMEDIATE_ALERT,HIGH,True
1,1,0.510661,1,0.96945703,1,0.7443477,True,VERIFY_AND_ALERT,MEDIUM,True
1,1,0.5956123,1,0.96934175,1,0.78597057,True,VERIFY_AND_ALERT,MEDIUM,True
1,1,0.5187591,1,0.99931574,1,0.76352954,True,VERIFY_AND_ALERT,MEDIUM,True
1,1,0.510661,1,0.9985066,1,0.75914407,True,VERIFY_AND_ALERT,MEDIUM,True
1,1,0.9321708,1,0.99892104,1,0.9661699,True,IMMEDIATE_ALERT,HIGH,True
1,1,0.89354056,1,0.99849045,1,0.94699657,True,IMMEDIATE_ALERT,HIGH,True
1,1,0.88559103,1,0.9971533,1,0.942415,True,IMMEDIATE_ALERT,HIGH,True
1,1,0.92419004,1,0.99867517,1,0.9621289,True,IMMEDIATE_ALERT,HIGH,True
0,0,0.495609,0,0.0012994484,0,0.24383354,True,NO_ACTION,NORMAL,True
1,1,0.53159726,1,0.9847586,1,0.762414,True,VERIFY_AND_ALERT,MEDIUM,True
1,1,0.74127483,1,0.99483395,1,0.8704246,True,IMMEDIATE_ALERT,HIGH,True
1,1,0.5987205,1,0.97730845,1,0.79155344,True,VERIFY_AND_ALERT,MEDIUM,True
1,1,0.86225027,1,0.99468356,1,0.9297049,True,IMMEDIATE_ALERT,HIGH,True
1,1,0.7069983,1,0.99889946,1,0.8556775,True,IMMEDIATE_ALERT,HIGH,True
1,1,0.955856,1,0.9985663,1,0.97761047,True,IMMEDIATE_ALERT,HIGH,True
0,1,0.510661,1,0.99794275,1,0.7588569,True,VERIFY_AND_ALERT,MEDIUM,False
1,1,0.8553104,1,0.9995146,1,0.92876047,True,IMMEDIATE_ALERT,HIGH,True
1,1,0.5107639,1,0.9994498,1,0.7596749,True,VERIFY_AND_ALERT,MEDIUM,True
1,1,0.55580354,1,0.9962006,1,0.7801188,True,VERIFY_AND_ALERT,MEDIUM,True
0,1,0.625527,1,0.97977155,1,0.80596066,True,VERIFY_AND_ALERT,MEDIUM,False
0,0,0.37981343,0,0.0017853141,0,0.18726566,True,NO_ACTION,NORMAL,True
1,1,0.6166193,1,0.99655735,1,0.8101399,True,VERIFY_AND_ALERT,MEDIUM,True
1,1,0.834695,1,0.9982857,1,0.91801953,True,IMMEDIATE_ALERT,HIGH,True
1,1,0.8455251,1,0.99514467,1,0.9217335,True,IMMEDIATE_ALERT,HIGH,True
1,1,0.86411035,1,0.9865976,1,0.926499,True,IMMEDIATE_ALERT,HIGH,True
0,0,0.35625333,1,0.8271085,0,0.5960823,False,NO_ACTION,NORMAL,True
1,1,0.5703841,1,0.5425421,1,0.5562028,True,USER_ALERT,LOW,True
1,1,0.9569918,1,0.994705,1,0.97620094,True,IMMEDIATE_ALERT,HIGH,True
1,1,0.6793389,1,0.99735826,1,0.84132135,True,VERIFY_AND_ALERT,MEDIUM,True
1,1,0.75237983,1,0.9983235,1,0.87765074,True,IMMEDIATE_ALERT,HIGH,True
0,0,0.4597117,1,0.9930264,0,0.7313543,False,NO_ACTION,NORMAL,True
1,1,0.7156178,1,0.9981781,1,0.8595393,True,IMMEDIATE_ALERT,HIGH,True
1,1,0.5685872,1,0.8273488,1,0.7003869,True,VERIFY_AND_ALERT,MEDIUM,True
0,0,0.4408811,1,0.87321275,0,0.6610882,False,NO_ACTION,NORMAL,True
1,1,0.6304877,1,0.99889153,1,0.81813335,True,VERIFY_AND_ALERT,MEDIUM,True
1,1,0.9469232,1,0.99788636,1,0.9728812,True,IMMEDIATE_ALERT,HIGH,True
1,1,0.620438,1,0.99635786,1,0.81191194,True,VERIFY_AND_ALERT,MEDIUM,True
0,0,0.4995691,1,0.98149145,0,0.7450352,False,NO_ACTION,NORMAL,True
1,1,0.60401285,1,0.99859136,1,0.80499053,True,VERIFY_AND_ALERT,MEDIUM,True
1,1,0.68708056,1,0.99935144,1,0.846135,True,VERIFY_AND_ALERT,MEDIUM,True
0,0,0.20713127,0,0.005615647,0,0.104489736,True,NO_ACTION,NORMAL,True
1,1,0.72940475,1,0.9990784,1,0.8667624,True,IMMEDIATE_ALERT,HIGH,True
1,1,0.8933789,1,0.99033374,1,0.9427627,True,IMMEDIATE_ALERT,HIGH,True
1,1,0.7544467,1,0.99953926,1,0.879284,True,IMMEDIATE_ALERT,HIGH,True
1,1,0.8683521,1,0.99914694,1,0.93497217,True,IMMEDIATE_ALERT,HIGH,True
0,0,0.42025805,1,0.7180477,0,0.5719365,False,NO_ACTION,NORMAL,True
1,1,0.82731605,1,0.99827695,1,0.9143946,True,IMMEDIATE_ALERT,HIGH,True
1,1,0.9320364,1,0.9991009,1,0.9661956,True,IMMEDIATE_ALERT,HIGH,True
1,1,0.89532393,1,0.9995153,1,0.9483936,True,IMMEDIATE_ALERT,HIGH,True
1,1,0.5933597,1,0.9967269,1,0.7988139,True,VERIFY_AND_ALERT,MEDIUM,True
0,0,0.41008523,1,0.6649015,0,0.5398753,False,NO_ACTION,NORMAL,True
1,1,0.7578397,1,0.9898829,1,0.8760304,True,IMMEDIATE_ALERT,HIGH,True
0,0,0.4538412,1,0.99824345,0,0.7311313,False,NO_ACTION,NORMAL,True
1,0,0.49937174,1,0.9513941,0,0.7296083,False,NO_ACTION,NORMAL,False
0,0,0.31982312,0,0.00014795015,0,0.1569973,True,NO_ACTION,NORMAL,True
1,1,0.60747933,1,0.99832517,1,0.80655575,True,VERIFY_AND_ALERT,MEDIUM,True
0,1,0.68636304,1,0.985148,1,0.8385485,True,VERIFY_AND_ALERT,MEDIUM,False
0,1,0.5330916,1,0.82460064,1,0.6815711,True,USER_ALERT,LOW,False
1,1,0.59913665,1,0.9854571,1,0.7959081,True,VERIFY_AND_ALERT,MEDIUM,True
1,1,0.55043244,1,0.99300086,1,0.77585363,True,VERIFY_AND_ALERT,MEDIUM,True
1,1,0.8313994,1,0.9981679,1,0.91634256,True,IMMEDIATE_ALERT,HIGH,True
1,1,0.510661,1,0.9976561,1,0.75871086,True,VERIFY_AND_ALERT,MEDIUM,True
1,1,0.7578638,1,0.9686697,1,0.86523736,True,IMMEDIATE_ALERT,HIGH,True
1,1,0.6884549,1,0.9971167,1,0.8456711,True,VERIFY_AND_ALERT,MEDIUM,True
0,0,0.23221754,0,0.0044331443,0,0.116196066,True,NO_ACTION,NORMAL,True
0,1,0.545175,0,0.0012075268,0,0.2681064,False,NO_ACTION,NORMAL,True
1,1,0.6346828,1,0.9958883,1,0.81866205,True,VERIFY_AND_ALERT,MEDIUM,True
0,1,0.71004117,0,0.036295366,0,0.36687028,False,NO_ACTION,NORMAL,True
0,0,0.3856466,0,0.005202498,0,0.19186826,True,NO_ACTION,NORMAL,True
1,1,0.5147956,1,0.5479797,1,0.53169787,True,USER_ALERT,LOW,True
1,1,0.7799453,1,0.9979721,1,0.8909967,True,IMMEDIATE_ALERT,HIGH,True
0,0,0.4901892,1,0.948306,0,0.72352993,False,NO_ACTION,NORMAL,True
1,1,0.9024781,1,0.99136156,1,0.9477507,True,IMMEDIATE_ALERT,HIGH,True
1,1,0.8969979,1,0.9980161,1,0.9484513,True,IMMEDIATE_ALERT,HIGH,True
1,1,0.72643125,1,0.99624544,1,0.8638605,True,IMMEDIATE_ALERT,HIGH,True
1,1,0.5723673,1,0.9990872,1,0.7897161,True,VERIFY_AND_ALERT,MEDIUM,True
1,1,0.6113657,0,0.04185947,0,0.32128897,False,NO_ACTION,NORMAL,False
1,0,0.36893365,1,0.91817206,0,0.648687,False,NO_ACTION,NORMAL,False
0,0,0.23573062,0,0.02218336,0,0.12696081,True,NO_ACTION,NORMAL,True
1,1,0.8200112,1,0.9984403,1,0.9108937,True,IMMEDIATE_ALERT,HIGH,True
1,1,0.9833091,1,0.99916327,1,0.9913844,True,IMMEDIATE_ALERT,HIGH,True
1,1,0.5559756,1,0.99889886,1,0.7815776,True,VERIFY_AND_ALERT,MEDIUM,True
1,0,0.44968322,1,0.99155223,0,0.725683,False,NO_ACTION,NORMAL,False
1,0,0.4642341,1,0.9867071,0,0.73035455,False,NO_ACTION,NORMAL,False
1,1,0.87522745,1,0.94918245,1,0.9128963,True,IMMEDIATE_ALERT,HIGH,True
1,1,0.52739805,1,0.9957671,1,0.76596075,True,VERIFY_AND_ALERT,MEDIUM,True
1,1,0.7955244,1,0.9969127,1,0.8981011,True,IMMEDIATE_ALERT,HIGH,True
1,1,0.96327055,1,0.9977629,1,0.98083913,True,IMMEDIATE_ALERT,HIGH,True
1,1,0.7878643,1,0.9477022,1,0.86927736,True,IMMEDIATE_ALERT,HIGH,True
1,1,0.7546431,1,0.9994591,1,0.8793396,True,IMMEDIATE_ALERT,HIGH,True
0,0,0.36562946,1,0.8838964,0,0.62960756,False,NO_ACTION,NORMAL,True
1,0,0.4162179,1,0.9072004,0,0.66629875,False,NO_ACTION,NORMAL,False
0,1,0.7822591,1,0.9989692,1,0.8926399,True,IMMEDIATE_ALERT,HIGH,False
0,0,0.45409322,1,0.7067531,0,0.58278495,False,NO_ACTION,NORMAL,True
1,1,0.639029,1,0.9665763,1,0.80586445,True,VERIFY_AND_ALERT,MEDIUM,True
1,1,0.53946406,1,0.99878806,1,0.7734197,True,VERIFY_AND_ALERT,MEDIUM,True
0,0,0.47881907,0,0.0025674053,0,0.23624136,True,NO_ACTION,NORMAL,True
1,1,0.60060567,1,0.9988009,1,0.8034255,True,VERIFY_AND_ALERT,MEDIUM,True
1,1,0.5147402,1,0.9992514,1,0.7615249,True,VERIFY_AND_ALERT,MEDIUM,True
1,1,0.5623078,1,0.99917346,1,0.7848244,True,VERIFY_AND_ALERT,MEDIUM,True
0,0,0.4931439,0,0.00012850655,0,0.24202763,True,NO_ACTION,NORMAL,True
1,1,0.82278013,1,0.99707115,1,0.9115549,True,IMMEDIATE_ALERT,HIGH,True
1,1,0.68495494,1,0.99693584,1,0.8438617,True,VERIFY_AND_ALERT,MEDIUM,True
1,1,0.59409016,1,0.99773127,1,0.79968387,True,VERIFY_AND_ALERT,MEDIUM,True
1,1,0.7725259,1,0.98251617,1,0.87948394,True,IMMEDIATE_ALERT,HIGH,True
1,1,0.6667849,1,0.9437553,1,0.8078592,True,VERIFY_AND_ALERT,MEDIUM,True
1,1,0.7240012,1,0.99661,1,0.8628539,True,IMMEDIATE_ALERT,HIGH,True
1,1,0.9303377,1,0.99817765,1,0.9648918,True,IMMEDIATE_ALERT,HIGH,True
0,1,0.59203696,0,0.002239278,0,0.29162484,False,NO_ACTION,NORMAL,True
1,1,0.72455263,1,0.9992489,1,0.8644686,True,IMMEDIATE_ALERT,HIGH,True
1,1,0.5264687,1,0.9925317,1,0.7638568,True,VERIFY_AND_ALERT,MEDIUM,True
1,1,0.5909708,1,0.99894506,1,0.79877156,True,VERIFY_AND_ALERT,MEDIUM,True
0,0,0.26939937,0,0.48078555,0,0.37706843,True,NO_ACTION,NORMAL,True
1,1,0.52120584,1,0.99258703,1,0.7613028,True,VERIFY_AND_ALERT,MEDIUM,True
1,1,0.69775146,1,0.9977393,1,0.8505496,True,IMMEDIATE_ALERT,HIGH,True
1,1,0.510661,1,0.92933714,1,0.7239127,True,VERIFY_AND_ALERT,MEDIUM,True
1,1,0.79102445,1,0.99460715,1,0.8947189,True,IMMEDIATE_ALERT,HIGH,True
1,1,0.50446904,1,0.935965,1,0.72425056,True,VERIFY_AND_ALERT,MEDIUM,True
1,1,0.751124,1,0.99798954,1,0.87686443,True,IMMEDIATE_ALERT,HIGH,True
1,1,0.54049796,1,0.9966254,1,0.7728255,True,VERIFY_AND_ALERT,MEDIUM,True
1,1,0.9514012,1,0.99753076,1,0.97489715,True,IMMEDIATE_ALERT,HIGH,True
1,1,0.72127086,1,0.99796367,1,0.8622037,True,IMMEDIATE_ALERT,HIGH,True
1,1,0.9634189,1,0.99864286,1,0.9813602,True,IMMEDIATE_ALERT,HIGH,True
1,1,0.8049284,1,0.7648473,1,0.7845132,True,VERIFY_AND_ALERT,MEDIUM,True
1,1,0.9084567,1,0.9987311,1,0.95443773,True,IMMEDIATE_ALERT,HIGH,True
1,1,0.5397962,1,0.9878098,1,0.7679909,True,VERIFY_AND_ALERT,MEDIUM,True
1,1,0.63229114,1,0.99947137,1,0.8193136,True,VERIFY_AND_ALERT,MEDIUM,True
0,0,0.45027915,0,0.0116895,0,0.22688451,True,NO_ACTION,NORMAL,True
0,1,0.52393717,0,0.11625023,0,0.31628275,False,NO_ACTION,NORMAL,True
1,0,0.44969165,1,0.99859816,0,0.72927594,False,NO_ACTION,NORMAL,False
1,0,0.4897506,1,0.90881443,0,0.7031998,False,NO_ACTION,NORMAL,False
1,0,0.45486385,1,0.9971938,0,0.7310984,False,NO_ACTION,NORMAL,False
1,1,0.7777936,1,0.9965771,1,0.8892305,True,IMMEDIATE_ALERT,HIGH,True
0,0,0.34990576,0,0.0020824892,0,0.17274277,True,NO_ACTION,NORMAL,True
1,1,0.74396867,1,0.9982974,1,0.87351036,True,IMMEDIATE_ALERT,HIGH,True
1,1,0.94604814,1,0.9937304,1,0.970335,True,IMMEDIATE_ALERT,HIGH,True
1,1,0.5602288,1,0.9956073,1,0.7819879,True,VERIFY_AND_ALERT,MEDIUM,True
1,1,0.820029,1,0.98321664,1,0.9031483,True,IMMEDIATE_ALERT,HIGH,True
1,0,0.458318,1,0.88788927,0,0.67711914,False,NO_ACTION,NORMAL,False
1,1,0.6020727,1,0.99800795,1,0.80374146,True,VERIFY_AND_ALERT,MEDIUM,True
0,1,0.5208659,0,0.00066140306,0,0.25590092,False,NO_ACTION,NORMAL,True
1,1,0.58195,1,0.97400856,1,0.78164417,True,VERIFY_AND_ALERT,MEDIUM,True
1,1,0.9748741,1,0.9990957,1,0.9872113,True,IMMEDIATE_ALERT,HIGH,True
1,1,0.8766086,1,0.99856323,1,0.93872595,True,IMMEDIATE_ALERT,HIGH,True
1,1,0.64287645,1,0.9985575,1,0.8240418,True,VERIFY_AND_ALERT,MEDIUM,True
0,1,0.56579727,1,0.9838267,1,0.7787196,True,VERIFY_AND_ALERT,MEDIUM,False
0,1,0.796317,1,0.9884347,1,0.8941717,True,IMMEDIATE_ALERT,HIGH,False
1,1,0.7712886,1,0.65792376,1,0.71354645,True,VERIFY_AND_ALERT,MEDIUM,True
1,0,0.48522565,1,0.83965266,0,0.66575223,False,NO_ACTION,NORMAL,False
1,1,0.5199186,1,0.9990387,1,0.7639573,True,VERIFY_AND_ALERT,MEDIUM,True
0,1,0.5418829,1,0.97051513,1,0.76020575,True,VERIFY_AND_ALERT,MEDIUM,False
1,0,0.4676644,1,0.9960544,0,0.73679864,False,NO_ACTION,NORMAL,False
1,1,0.9169506,1,0.9867845,1,0.9525204,True,IMMEDIATE_ALERT,HIGH,True
1,0,0.48327032,1,0.9974253,0,0.745154,False,NO_ACTION,NORMAL,False
0,0,0.24742125,1,0.8837991,0,0.57155883,False,NO_ACTION,NORMAL,True
1,1,0.6828389,1,0.95570076,1,0.8218205,True,VERIFY_AND_ALERT,MEDIUM,True
1,1,0.6224448,1,0.99716955,1,0.81331,True,VERIFY_AND_ALERT,MEDIUM,True
1,1,0.7048138,1,0.84405875,1,0.7757379,True,VERIFY_AND_ALERT,MEDIUM,True
1,1,0.55458224,1,0.8232297,1,0.6914172,True,USER_ALERT,LOW,True
0,1,0.69612426,0,0.0024698172,0,0.34281293,False,NO_ACTION,NORMAL,True
1,1,0.7661064,1,0.9953957,1,0.8828944,True,IMMEDIATE_ALERT,HIGH,True
1,1,0.6737954,1,0.99890053,1,0.839387,True,VERIFY_AND_ALERT,MEDIUM,True
1,1,0.63633525,1,0.9968905,1,0.81998324,True,VERIFY_AND_ALERT,MEDIUM,True
0,1,0.60053766,1,0.9835947,1,0.7956469,True,VERIFY_AND_ALERT,MEDIUM,False
1,1,0.67417747,1,0.96757275,1,0.8236177,True,VERIFY_AND_ALERT,MEDIUM,True
1,1,0.75230163,1,0.99857175,1,0.8777388,True,IMMEDIATE_ALERT,HIGH,True
0,0,0.31511715,1,0.76624507,0,0.54489815,False,NO_ACTION,NORMAL,True
1,1,0.6474969,1,0.99906796,1,0.8265688,True,VERIFY_AND_ALERT,MEDIUM,True
0,0,0.49155918,1,0.66318643,0,0.5789771,False,NO_ACTION,NORMAL,True
1,0,0.41612935,1,0.8585326,0,0.64146644,False,NO_ACTION,NORMAL,False
1,1,0.6272397,1,0.99435556,1,0.81422937,True,VERIFY_AND_ALERT,MEDIUM,True
1,1,0.9117865,1,0.9974884,1,0.95543855,True,IMMEDIATE_ALERT,HIGH,True
0,0,0.28743565,0,0.19691774,0,0.24133056,True,NO_ACTION,NORMAL,True
0,0,0.407145,0,0.16988394,0,0.2862966,True,NO_ACTION,NORMAL,True
0,0,0.329656,0,0.021253422,0,0.17257185,True,NO_ACTION,NORMAL,True
1,1,0.90634596,1,0.9768908,1,0.9422778,True,IMMEDIATE_ALERT,HIGH,True
0,0,0.30704978,0,0.009114062,0,0.1552969,True,NO_ACTION,NORMAL,True
1,1,0.9297669,1,0.98698074,1,0.9589087,True,IMMEDIATE_ALERT,HIGH,True
1,1,0.718202,1,0.95630246,1,0.8394779,True,VERIFY_AND_ALERT,MEDIUM,True
1,1,0.79565334,1,0.9969676,1,0.8981923,True,IMMEDIATE_ALERT,HIGH,True
1,1,0.5191006,1,0.9965765,1,0.7623019,True,VERIFY_AND_ALERT,MEDIUM,True
1,1,0.5350693,1,0.9964412,1,0.770068,True,VERIFY_AND_ALERT,MEDIUM,True
1,1,0.5140686,1,0.991098,1,0.7570424,True,VERIFY_AND_ALERT,MEDIUM,True
1,1,0.73762864,1,0.98795545,1,0.86513203,True,IMMEDIATE_ALERT,HIGH,True
1,1,0.832157,1,0.9990239,1,0.91715026,True,IMMEDIATE_ALERT,HIGH,True
1,1,0.6079242,1,0.9991326,1,0.8071853,True,VERIFY_AND_ALERT,MEDIUM,True
1,1,0.6808465,1,0.9944364,1,0.8405728,True,VERIFY_AND_ALERT,MEDIUM,True
1,1,0.72962815,1,0.9671177,1,0.8505929,True,IMMEDIATE_ALERT,HIGH,True
0,0,0.47223625,0,0.0148085,0,0.23924646,True,NO_ACTION,NORMAL,True
1,1,0.7279912,1,0.99877423,1,0.8659139,True,IMMEDIATE_ALERT,HIGH,True
1,1,0.93855095,1,0.9732084,1,0.9562037,True,IMMEDIATE_ALERT,HIGH,True
1,1,0.7852466,1,0.9798288,1,0.8843566,True,IMMEDIATE_ALERT,HIGH,True
1,1,0.81897855,1,0.99949384,1,0.9109236,True,IMMEDIATE_ALERT,HIGH,True
1,1,0.65836936,1,0.9979638,1,0.831341,True,VERIFY_AND_ALERT,MEDIUM,True
1,1,0.7816842,1,0.9988078,1,0.8922756,True,IMMEDIATE_ALERT,HIGH,True
1,1,0.7983328,1,0.9992448,1,0.90066695,True,IMMEDIATE_ALERT,HIGH,True
1,1,0.97820604,1,0.99695385,1,0.9877552,True,IMMEDIATE_ALERT,HIGH,True
1,0,0.4808663,1,0.91620547,0,0.7026053,False,NO_ACTION,NORMAL,False
1,1,0.62546974,1,0.9652826,1,0.79855263,True,VERIFY_AND_ALERT,MEDIUM,True
1,1,0.6642952,1,0.99873024,1,0.8346389,True,VERIFY_AND_ALERT,MEDIUM,True
0,0,0.4800392,0,0.00024317465,0,0.23565619,True,NO_ACTION,NORMAL,True
1,1,0.9495752,1,0.99346393,1,0.9719298,True,IMMEDIATE_ALERT,HIGH,True
1,1,0.82441247,1,0.99884677,1,0.91326016,True,IMMEDIATE_ALERT,HIGH,True
1,1,0.6453765,1,0.96354705,1,0.8074359,True,VERIFY_AND_ALERT,MEDIUM,True
0,0,0.33608142,0,0.00036806133,0,0.16508658,True,NO_ACTION,NORMAL,True
1,1,0.50200915,1,0.9730604,1,0.74193805,True,VERIFY_AND_ALERT,MEDIUM,True
1,1,0.5995205,1,0.9966259,1,0.80178523,True,VERIFY_AND_ALERT,MEDIUM,True
0,0,0.26074272,1,0.7661923,0,0.5181923,False,NO_ACTION,NORMAL,True
1,1,0.604065,1,0.9942281,1,0.80279374,True,VERIFY_AND_ALERT,MEDIUM,True
1,1,0.5772902,1,0.9976598,1,0.7914045,True,VERIFY_AND_ALERT,MEDIUM,True
1,1,0.5279621,1,0.9957573,1,0.7662325,True,VERIFY_AND_ALERT,MEDIUM,True
1,1,0.708047,1,0.99777967,1,0.85562164,True,IMMEDIATE_ALERT,HIGH,True
1,1,0.9403443,1,0.99944717,1,0.9704482,True,IMMEDIATE_ALERT,HIGH,True
1,1,0.81702155,1,0.9923711,1,0.9063355,True,IMMEDIATE_ALERT,HIGH,True
0,0,0.22059911,0,0.0004565724,0,0.10847001,True,NO_ACTION,NORMAL,True
0,0,0.22190538,0,0.00019434078,0,0.10897736,True,NO_ACTION,NORMAL,True
0,0,0.36185563,0,0.053856935,0,0.20497718,True,NO_ACTION,NORMAL,True
0,0,0.39439237,0,0.00036374733,0,0.19369479,True,NO_ACTION,NORMAL,True
1,1,0.5079161,1,0.8962261,1,0.7057009,True,VERIFY_AND_ALERT,MEDIUM,True
1,1,0.94023,1,0.9989415,1,0.9701345,True,IMMEDIATE_ALERT,HIGH,True
1,1,0.69422764,1,0.99689937,1,0.84839284,True,VERIFY_AND_ALERT,MEDIUM,True
0,0,0.44806048,0,0.001767734,0,0.22074227,True,NO_ACTION,NORMAL,True
1,1,0.8288119,1,0.99864227,1,0.9153147,True,IMMEDIATE_ALERT,HIGH,True
1,1,0.82256365,1,0.99599093,1,0.91089845,True,IMMEDIATE_ALERT,HIGH,True
1,1,0.73260456,0,0.17583472,0,0.4490151,False,NO_ACTION,NORMAL,False
0,0,0.38180012,1,0.5382204,0,0.46147245,False,NO_ACTION,NORMAL,True
1,1,0.955544,1,0.9988709,1,0.97761244,True,IMMEDIATE_ALERT,HIGH,True
1,1,0.6646468,1,0.9897982,1,0.83026195,True,VERIFY_AND_ALERT,MEDIUM,True
1,1,0.815517,1,0.9987301,1,0.9088362,True,IMMEDIATE_ALERT,HIGH,True
1,0,0.49704602,1,0.99553853,0,0.75095206,False,NO_ACTION,NORMAL,False
1,1,0.7434847,1,0.9987876,1,0.87352264,True,IMMEDIATE_ALERT,HIGH,True
1,1,0.67323166,1,0.99799854,1,0.83865094,True,VERIFY_AND_ALERT,MEDIUM,True
1,1,0.8874104,1,0.93496656,1,0.911633,True,IMMEDIATE_ALERT,HIGH,True
1,0,0.49309793,1,0.99380034,0,0.74812955,False,NO_ACTION,NORMAL,False
0,1,0.5933802,0,0.21887662,0,0.40262768,False,NO_ACTION,NORMAL,True
1,1,0.8366539,1,0.9713476,1,0.90525985,True,IMMEDIATE_ALERT,HIGH,True
1,1,0.9290788,1,0.9985905,1,0.96448445,True,IMMEDIATE_ALERT,HIGH,True
0,0,0.32778943,0,0.0015818554,0,0.16163634,True,NO_ACTION,NORMAL,True
1,1,0.5129447,1,0.9941301,1,0.7580354,True,VERIFY_AND_ALERT,MEDIUM,True
1,1,0.9601295,1,0.98158604,1,0.97105837,True,IMMEDIATE_ALERT,HIGH,True
1,1,0.82492,1,0.99718696,1,0.91266376,True,IMMEDIATE_ALERT,HIGH,True
1,1,0.6721814,1,0.9973447,1,0.8378026,True,VERIFY_AND_ALERT,MEDIUM,True
1,1,0.6996329,1,0.99889886,1,0.8520633,True,IMMEDIATE_ALERT,HIGH,True
1,1,0.6813578,1,0.94936436,1,0.8178663,True,VERIFY_AND_ALERT,MEDIUM,True
0,1,0.5191529,0,0.0032770436,0,0.25639272,False,NO_ACTION,NORMAL,True
1,1,0.8708305,1,0.99440765,1,0.93377423,True,IMMEDIATE_ALERT,HIGH,True
1,1,0.77996725,1,0.93477297,1,0.8588172,True,IMMEDIATE_ALERT,HIGH,True
1,1,0.74500597,0,0.18403666,0,0.4592775,False,NO_ACTION,NORMAL,False
0,0,0.45232216,0,0.00066685927,0,0.22227255,True,NO_ACTION,NORMAL,True
1,1,0.9631799,1,0.9977725,1,0.98079956,True,IMMEDIATE_ALERT,HIGH,True
1,1,0.70785564,1,0.9664161,1,0.8395528,True,VERIFY_AND_ALERT,MEDIUM,True
1,1,0.8348262,1,0.99926454,1,0.91858244,True,IMMEDIATE_ALERT,HIGH,True
1,1,0.8579256,1,0.9992478,1,0.92990774,True,IMMEDIATE_ALERT,HIGH,True
0,0,0.32338205,0,0.00268031,0,0.16003335,True,NO_ACTION,NORMAL,True
0,0,0.36424863,1,0.9828531,0,0.6793334,False,NO_ACTION,NORMAL,True
0,1,0.5286254,0,0.0011036352,0,0.25993338,False,NO_ACTION,NORMAL,True
1,1,0.55398536,0,0.14951491,0,0.34796923,False,NO_ACTION,NORMAL,False
0,0,0.16983275,0,0.00050267944,0,0.08358486,True,NO_ACTION,NORMAL,True
0,0,0.41612235,0,0.0016445919,0,0.20500904,True,NO_ACTION,NORMAL,True
1,1,0.5890645,1,0.99876827,1,0.7977462,True,VERIFY_AND_ALERT,MEDIUM,True
0,0,0.33251572,1,0.53767395,0,0.4370126,False,NO_ACTION,NORMAL,True
1,1,0.7806813,1,0.99868053,1,0.89171875,True,IMMEDIATE_ALERT,HIGH,True
1,1,0.57050776,1,0.99490094,1,0.78667146,True,VERIFY_AND_ALERT,MEDIUM,True
1,1,0.7362841,1,0.9983785,1,0.8697813,True,IMMEDIATE_ALERT,HIGH,True
1,1,0.9445415,1,0.9982167,1,0.97188085,True,IMMEDIATE_ALERT,HIGH,True
1,1,0.79692775,1,0.9925674,1,0.89657634,True,IMMEDIATE_ALERT,HIGH,True
1,1,0.8738138,1,0.9974865,1,0.9368062,True,IMMEDIATE_ALERT,HIGH,True
1,1,0.82992876,1,0.97757167,1,0.9051303,True,IMMEDIATE_ALERT,HIGH,True
1,1,0.6839034,1,0.9963158,1,0.84303,True,VERIFY_AND_ALERT,MEDIUM,True
1,1,0.70785564,1,0.9664161,1,0.8395528,True,VERIFY_AND_ALERT,MEDIUM,True
0,1,0.510661,1,0.9947595,1,0.7572355,True,VERIFY_AND_ALERT,MEDIUM,False
0,0,0.4508623,0,0.08987148,0,0.26699245,True,NO_ACTION,NORMAL,True
1,1,0.94770706,1,0.9752762,1,0.9617493,True,IMMEDIATE_ALERT,HIGH,True
1,1,0.6458591,1,0.9989373,1,0.82569873,True,VERIFY_AND_ALERT,MEDIUM,True
1,0,0.46399164,1,0.9431418,0,0.7080457,False,NO_ACTION,NORMAL,False
1,1,0.9830556,1,0.9939168,1,0.98858774,True,IMMEDIATE_ALERT,HIGH,True
1,1,0.697428,1,0.90769035,1,0.80452466,True,VERIFY_AND_ALERT,MEDIUM,True
1,1,0.95161426,1,0.9985947,1,0.9755436,True,IMMEDIATE_ALERT,HIGH,True
1,1,0.55870587,1,0.98899055,1,0.77787036,True,VERIFY_AND_ALERT,MEDIUM,True
0,0,0.28479123,0,0.0011636368,0,0.14032616,True,NO_ACTION,NORMAL,True
1,1,0.7699356,1,0.9987398,1,0.8864765,True,IMMEDIATE_ALERT,HIGH,True
0,0,0.45914853,0,0.21712385,0,0.3358738,True,NO_ACTION,NORMAL,True
1,1,0.67416584,1,0.7995082,1,0.7380087,True,VERIFY_AND_ALERT,MEDIUM,True
1,1,0.8854265,0,0.018362124,0,0.44378924,False,NO_ACTION,NORMAL,False
1,1,0.82416916,1,0.99348986,1,0.9104123,True,IMMEDIATE_ALERT,HIGH,True
1,1,0.882989,1,0.9959805,1,0.94054097,True,IMMEDIATE_ALERT,HIGH,True
1,1,0.7115819,1,0.99897397,1,0.8579644,True,IMMEDIATE_ALERT,HIGH,True
1,1,0.6781833,1,0.9962708,1,0.8402004,True,VERIFY_AND_ALERT,MEDIUM,True
1,0,0.47689974,1,0.9922767,0,0.7394058,False,NO_ACTION,NORMAL,False
0,0,0.40635052,0,0.005624424,0,0.2022416,True,NO_ACTION,NORMAL,True
1,1,0.5906237,0,0.43974873,0,0.5137758,False,NO_ACTION,NORMAL,False
0,0,0.47747886,0,0.19811712,0,0.3351866,True,NO_ACTION,NORMAL,True
1,1,0.8272686,1,0.99850404,1,0.914487,True,IMMEDIATE_ALERT,HIGH,True
1,1,0.5496771,1,0.94819736,1,0.7526625,True,VERIFY_AND_ALERT,MEDIUM,True
1,1,0.8428598,1,0.993544,1,0.9196105,True,IMMEDIATE_ALERT,HIGH,True
1,1,0.9233194,1,0.998002,1,0.9613588,True,IMMEDIATE_ALERT,HIGH,True
1,1,0.9794057,1,0.99911815,1,0.98944616,True,IMMEDIATE_ALERT,HIGH,True
1,1,0.66084296,1,0.732131,1,0.69715333,True,USER_ALERT,LOW,True
1,1,0.5391897,1,0.7198031,1,0.6311847,True,USER_ALERT,LOW,True
1,1,0.96012706,1,0.9986136,1,0.9797301,True,IMMEDIATE_ALERT,HIGH,True
1,1,0.50457543,1,0.9970198,1,0.7554009,True,VERIFY_AND_ALERT,MEDIUM,True
0,0,0.3492181,0,0.00061643345,0,0.17165864,True,NO_ACTION,NORMAL,True
0,0,0.48783728,0,0.003958429,0,0.24137469,True,NO_ACTION,NORMAL,True
1,1,0.7202298,1,0.9775034,1,0.8512715,True,IMMEDIATE_ALERT,HIGH,True
1,1,0.5014704,0,0.199426,0,0.34762478,False,NO_ACTION,NORMAL,False
1,1,0.8726815,1,0.98517853,1,0.9299816,True,IMMEDIATE_ALERT,HIGH,True
1,0,0.3448148,0,0.30400664,0,0.32402927,True,NO_ACTION,NORMAL,False
0,1,0.52221984,1,0.9991448,1,0.76514053,True,VERIFY_AND_ALERT,MEDIUM,False
1,1,0.87625,1,0.9953206,1,0.93689835,True,IMMEDIATE_ALERT,HIGH,True
1,1,0.5467908,0,0.003419563,0,0.27002588,False,NO_ACTION,NORMAL,False
1,1,0.7678791,1,0.99579006,1,0.883965,True,IMMEDIATE_ALERT,HIGH,True
1,1,0.5616132,1,0.998755,1,0.7842704,True,VERIFY_AND_ALERT,MEDIUM,True
0,0,0.40066084,1,0.981686,0,0.6966047,False,NO_ACTION,NORMAL,True
0,0,0.41397843,0,0.0014311757,0,0.20384842,True,NO_ACTION,NORMAL,True
1,1,0.95980054,1,0.994871,1,0.97766364,True,IMMEDIATE_ALERT,HIGH,True
1,1,0.6897471,1,0.9975043,1,0.84650254,True,VERIFY_AND_ALERT,MEDIUM,True
1,1,0.71873546,1,0.9988072,1,0.8613894,True,IMMEDIATE_ALERT,HIGH,True
1,1,0.822298,1,0.99781173,1,0.9116955,True,IMMEDIATE_ALERT,HIGH,True
1,1,0.9260938,1,0.99941266,1,0.96343863,True,IMMEDIATE_ALERT,HIGH,True
1,1,0.88101155,1,0.99292266,1,0.9380132,True,IMMEDIATE_ALERT,HIGH,True
1,1,0.5105267,1,0.97906965,1,0.749178,True,VERIFY_AND_ALERT,MEDIUM,True
0,0,0.3224631,0,0.2946924,0,0.30831814,True,NO_ACTION,NORMAL,True
1,1,0.59011877,1,0.99517596,1,0.7964337,True,VERIFY_AND_ALERT,MEDIUM,True
1,1,0.62993777,1,0.99700135,1,0.81690073,True,VERIFY_AND_ALERT,MEDIUM,True
1,1,0.9719963,1,0.99913293,1,0.9858183,True,IMMEDIATE_ALERT,HIGH,True
0,0,0.40265018,0,0.0048243343,0,0.20001848,True,NO_ACTION,NORMAL,True
1,0,0.4781096,1,0.99758065,0,0.74270105,False,NO_ACTION,NORMAL,False
1,1,0.8093302,1,0.9954992,1,0.904155,True,IMMEDIATE_ALERT,HIGH,True
0,0,0.40111783,1,0.9909638,0,0.70155454,False,NO_ACTION,NORMAL,True
1,0,0.47510737,1,0.9721658,0,0.728283,False,NO_ACTION,NORMAL,False
1,1,0.8036136,1,0.9954788,1,0.90133965,True,IMMEDIATE_ALERT,HIGH,True
1,1,0.9667705,1,0.9983417,1,0.98285127,True,IMMEDIATE_ALERT,HIGH,True
1,1,0.6738128,1,0.99848,1,0.8391813,True,VERIFY_AND_ALERT,MEDIUM,True
1,1,0.96817666,1,0.99882275,1,0.9837862,True,IMMEDIATE_ALERT,HIGH,True
1,1,0.5422313,1,0.93501794,1,0.74229634,True,VERIFY_AND_ALERT,MEDIUM,True
0,1,0.59135586,1,0.9911782,1,0.7950045,True,VERIFY_AND_ALERT,MEDIUM,False
1,1,0.5651878,1,0.9890971,1,0.78110504,True,VERIFY_AND_ALERT,MEDIUM,True
0,0,0.4108986,0,0.030672742,0,0.21723142,True,NO_ACTION,NORMAL,True
1,0,0.41680756,1,0.984053,0,0.70573276,False,NO_ACTION,NORMAL,False
0,0,0.39692608,0,0.0002495176,0,0.19487977,True,NO_ACTION,NORMAL,True
1,1,0.9661333,1,0.9943414,1,0.98050106,True,IMMEDIATE_ALERT,HIGH,True
1,1,0.76479834,1,0.99672407,1,0.8829292,True,IMMEDIATE_ALERT,HIGH,True
1,1,0.7354561,1,0.99387807,1,0.8670827,True,IMMEDIATE_ALERT,HIGH,True
1,1,0.6266625,1,0.8916816,1,0.76164937,True,VERIFY_AND_ALERT,MEDIUM,True
1,1,0.53923327,1,0.99436766,1,0.7710549,True,VERIFY_AND_ALERT,MEDIUM,True
1,1,0.510661,1,0.9766005,1,0.74798626,True,VERIFY_AND_ALERT,MEDIUM,True
1,1,0.9007905,1,0.95252776,1,0.92714274,True,IMMEDIATE_ALERT,HIGH,True
1,1,0.9542873,1,0.9986583,1,0.9768876,True,IMMEDIATE_ALERT,HIGH,True
1,1,0.80392903,1,0.9880655,1,0.8977185,True,IMMEDIATE_ALERT,HIGH,True
1,1,0.8061977,1,0.98036444,1,0.89490914,True,IMMEDIATE_ALERT,HIGH,True
1,1,0.53044295,1,0.9968167,1,0.76798934,True,VERIFY_AND_ALERT,MEDIUM,True
1,1,0.5899748,1,0.97132194,1,0.7842131,True,VERIFY_AND_ALERT,MEDIUM,True
0,1,0.68228245,1,0.68472654,1,0.68352735,True,USER_ALERT,LOW,False
1,1,0.9638576,1,0.999321,1,0.98192084,True,IMMEDIATE_ALERT,HIGH,True
0,1,0.51524454,1,0.98456466,1,0.75429165,True,VERIFY_AND_ALERT,MEDIUM,False
1,1,0.8211767,1,0.99796546,1,0.91122365,True,IMMEDIATE_ALERT,HIGH,True
1,1,0.67712706,1,0.99613863,1,0.83961487,True,VERIFY_AND_ALERT,MEDIUM,True
1,1,0.6477864,1,0.9941261,1,0.8241937,True,VERIFY_AND_ALERT,MEDIUM,True
1,1,0.8448539,1,0.9982986,1,0.9230106,True,IMMEDIATE_ALERT,HIGH,True
1,1,0.8505847,1,0.98407966,1,0.91858006,True,IMMEDIATE_ALERT,HIGH,True
0,0,0.43533304,0,0.0018924205,0,0.21456105,True,NO_ACTION,NORMAL,True
0,1,0.5024193,1,0.9822472,1,0.74681854,True,VERIFY_AND_ALERT,MEDIUM,False
1,1,0.8835294,1,0.9990583,1,0.9423738,True,IMMEDIATE_ALERT,HIGH,True
1,1,0.6393888,1,0.9993067,1,0.8227122,True,VERIFY_AND_ALERT,MEDIUM,True
1,1,0.78000486,1,0.99699426,1,0.89052796,True,IMMEDIATE_ALERT,HIGH,True
1,1,0.6489177,0,0.009882576,0,0.3234266,False,NO_ACTION,NORMAL,False
1,1,0.510127,1,0.996594,1,0.75790787,True,VERIFY_AND_ALERT,MEDIUM,True
1,1,0.57088614,0,0.0980164,0,0.330031,False,NO_ACTION,NORMAL,False
1,1,0.67442364,1,0.99828774,1,0.8393831,True,VERIFY_AND_ALERT,MEDIUM,True
1,1,0.8353176,0,0.115268044,0,0.468562,False,NO_ACTION,NORMAL,False
0,0,0.27612087,0,0.003805734,0,0.13741778,True,NO_ACTION,NORMAL,True
1,1,0.7324946,1,0.9992848,1,0.8683835,True,IMMEDIATE_ALERT,HIGH,True
1,1,0.9743367,1,0.9966378,1,0.9856957,True,IMMEDIATE_ALERT,HIGH,True
1,1,0.5795674,1,0.62622994,1,0.60333484,True,USER_ALERT,LOW,True
1,1,0.55722356,1,0.99780256,1,0.78163147,True,VERIFY_AND_ALERT,MEDIUM,True
1,1,0.6256299,1,0.96463424,1,0.798301,True,VERIFY_AND_ALERT,MEDIUM,True
1,1,0.8899796,1,0.99847275,1,0.9452404,True,IMMEDIATE_ALERT,HIGH,True
0,0,0.38669267,0,0.026472269,0,0.20321521,True,NO_ACTION,NORMAL,True
1,1,0.6897308,1,0.99887747,1,0.84719396,True,VERIFY_AND_ALERT,MEDIUM,True
1,1,0.5157445,1,0.9960763,1,0.7604004,True,VERIFY_AND_ALERT,MEDIUM,True
1,1,0.7102633,1,0.99727935,1,0.85645425,True,IMMEDIATE_ALERT,HIGH,True
0,0,0.35084465,0,0.3300392,0,0.34024745,True,NO_ACTION,NORMAL,True
1,1,0.57448655,1,0.99906963,1,0.79074705,True,VERIFY_AND_ALERT,MEDIUM,True
1,1,0.7169142,1,0.9986759,1,0.86042887,True,IMMEDIATE_ALERT,HIGH,True
1,1,0.72764874,1,0.9986356,1,0.86567533,True,IMMEDIATE_ALERT,HIGH,True
1,1,0.5840298,1,0.9862192,1,0.78888404,True,VERIFY_AND_ALERT,MEDIUM,True
1,1,0.79000336,1,0.99759126,1,0.89573777,True,IMMEDIATE_ALERT,HIGH,True
1,1,0.9074142,1,0.9979919,1,0.95354974,True,IMMEDIATE_ALERT,HIGH,True
1,1,0.89775735,1,0.9987656,1,0.94920564,True,IMMEDIATE_ALERT,HIGH,True
1,1,0.51947224,1,0.9802696,1,0.7541783,True,VERIFY_AND_ALERT,MEDIUM,True
1,1,0.836089,1,0.9985079,1,0.9188167,True,IMMEDIATE_ALERT,HIGH,True
1,1,0.5087208,1,0.9850589,1,0.75134254,True,VERIFY_AND_ALERT,MEDIUM,True
1,1,0.6410377,1,0.9988005,1,0.8232634,True,VERIFY_AND_ALERT,MEDIUM,True
1,1,0.9439822,1,0.9993881,1,0.972203,True,IMMEDIATE_ALERT,HIGH,True
1,1,0.87940127,1,0.98926204,1,0.9353586,True,IMMEDIATE_ALERT,HIGH,True
1,1,0.8409841,1,0.99895716,1,0.9214473,True,IMMEDIATE_ALERT,HIGH,True
0,0,0.479613,1,0.58062106,0,0.53106123,False,NO_ACTION,NORMAL,True
1,1,0.75909704,1,0.9992023,1,0.8813941,True,IMMEDIATE_ALERT,HIGH,True
1,1,0.70608044,1,0.9990434,1,0.8553004,True,IMMEDIATE_ALERT,HIGH,True
1,1,0.6263254,1,0.99423146,1,0.8137175,True,VERIFY_AND_ALERT,MEDIUM,True
0,0,0.4860048,0,0.0005055493,0,0.23871686,True,NO_ACTION,NORMAL,True
0,0,0.3036645,0,0.00020617363,0,0.14909868,True,NO_ACTION,NORMAL,True
1,1,0.8551465,1,0.9941379,1,0.92594147,True,IMMEDIATE_ALERT,HIGH,True
1,1,0.94629776,1,0.99799097,1,0.9726276,True,IMMEDIATE_ALERT,HIGH,True
0,0,0.3008729,0,0.44193703,0,0.37272358,True,NO_ACTION,NORMAL,True
1,1,0.8618586,1,0.99773943,1,0.93106914,True,IMMEDIATE_ALERT,HIGH,True
0,0,0.39235693,0,0.000195782,0,0.19261053,True,NO_ACTION,NORMAL,True
0,1,0.5282149,1,0.9834735,1,0.7600998,True,VERIFY_AND_ALERT,MEDIUM,False
1,1,0.6742141,1,0.9994029,1,0.8398483,True,VERIFY_AND_ALERT,MEDIUM,True
1,1,0.70785564,1,0.9664161,1,0.8395528,True,VERIFY_AND_ALERT,MEDIUM,True
1,1,0.69569486,1,0.813263,1,0.7555779,True,VERIFY_AND_ALERT,MEDIUM,True
1,0,0.4711802,1,0.9565175,0,0.71838564,False,NO_ACTION,NORMAL,False
0,0,0.34719124,0,0.00039447955,0,0.17055109,True,NO_ACTION,NORMAL,True
0,0,0.4538808,0,0.01875963,0,0.2322528,True,NO_ACTION,NORMAL,True
1,1,0.9123662,1,0.9991418,1,0.95656514,True,IMMEDIATE_ALERT,HIGH,True
0,0,0.36015773,0,0.047766183,0,0.2010418,True,NO_ACTION,NORMAL,True
1,1,0.60283405,1,0.99781173,1,0.80401504,True,VERIFY_AND_ALERT,MEDIUM,True
1,1,0.53654224,1,0.9978661,1,0.7715165,True,VERIFY_AND_ALERT,MEDIUM,True
0,0,0.4186117,0,0.005840955,0,0.20836785,True,NO_ACTION,NORMAL,True
1,1,0.5954071,1,0.9929375,1,0.79788834,True,VERIFY_AND_ALERT,MEDIUM,True
0,0,0.35969013,0,0.035760563,0,0.19469735,True,NO_ACTION,NORMAL,True
1,1,0.5283074,1,0.9994899,1,0.76830316,True,VERIFY_AND_ALERT,MEDIUM,True
1,1,0.70014167,1,0.77999854,1,0.7408166,True,VERIFY_AND_ALERT,MEDIUM,True
0,0,0.34864244,0,0.00018899035,0,0.17115846,True,NO_ACTION,NORMAL,True
1,1,0.5436755,1,0.94733566,1,0.7492789,True,VERIFY_AND_ALERT,MEDIUM,True
0,0,0.49992424,1,0.6634087,0,0.5831947,False,NO_ACTION,NORMAL,True
1,1,0.8061055,1,0.9980872,1,0.90389097,True,IMMEDIATE_ALERT,HIGH,True
1,1,0.5209507,1,0.99605125,1,0.7629421,True,VERIFY_AND_ALERT,MEDIUM,True
1,1,0.7875189,1,0.9931914,1,0.8922777,True,IMMEDIATE_ALERT,HIGH,True
1,1,0.52040446,1,0.7606561,1,0.64277613,True,USER_ALERT,LOW,True
1,1,0.7892911,1,0.99656254,1,0.8948643,True,IMMEDIATE_ALERT,HIGH,True
1,1,0.9383009,1,0.998762,1,0.96909666,True,IMMEDIATE_ALERT,HIGH,True
1,1,0.7055284,1,0.99791354,1,0.85445404,True,IMMEDIATE_ALERT,HIGH,True
1,1,0.54741454,1,0.9912142,1,0.7734629,True,VERIFY_AND_ALERT,MEDIUM,True
1,1,0.59326816,1,0.99491704,1,0.79784715,True,VERIFY_AND_ALERT,MEDIUM,True
1,1,0.74358034,1,0.99459827,1,0.87143576,True,IMMEDIATE_ALERT,HIGH,True
1,0,0.46806663,1,0.99834085,0,0.7381606,False,NO_ACTION,NORMAL,False
1,1,0.95927715,1,0.9987692,1,0.9793923,True,IMMEDIATE_ALERT,HIGH,True
1,1,0.75608504,1,0.99890554,1,0.8797651,True,IMMEDIATE_ALERT,HIGH,True
0,0,0.46529526,1,0.9979075,0,0.73658013,False,NO_ACTION,NORMAL,True
1,1,0.6219181,1,0.98930013,1,0.8090433,True,VERIFY_AND_ALERT,MEDIUM,True
1,1,0.58341944,1,0.9946243,1,0.7928657,True,VERIFY_AND_ALERT,MEDIUM,True
1,1,0.5255285,1,0.9941748,1,0.7642324,True,VERIFY_AND_ALERT,MEDIUM,True
0,0,0.49774808,1,0.70529026,0,0.60345924,False,NO_ACTION,NORMAL,True
0,0,0.49713278,0,0.00024476153,0,0.24404399,True,NO_ACTION,NORMAL,True
0,0,0.3140015,0,0.13883527,0,0.22478098,True,NO_ACTION,NORMAL,True
1,1,0.7841123,1,0.99409145,1,0.8910647,True,IMMEDIATE_ALERT,HIGH,True
1,1,0.8049364,1,0.99589765,1,0.9022021,True,IMMEDIATE_ALERT,HIGH,True
1,1,0.9785321,1,0.99888843,1,0.98890054,True,IMMEDIATE_ALERT,HIGH,True
1,1,0.934037,1,0.9964205,1,0.96581197,True,IMMEDIATE_ALERT,HIGH,True
0,0,0.48355287,0,0.13432214,0,0.305673,True,NO_ACTION,NORMAL,True
0,1,0.5399091,1,0.99802375,1,0.7732488,True,VERIFY_AND_ALERT,MEDIUM,False
1,1,0.8879945,1,0.9976533,1,0.94384897,True,IMMEDIATE_ALERT,HIGH,True
0,1,0.5223522,0,0.03184436,0,0.27251315,False,NO_ACTION,NORMAL,True
1,1,0.96300614,1,0.9979259,1,0.9807924,True,IMMEDIATE_ALERT,HIGH,True
0,0,0.3293931,0,0.04656277,0,0.1853341,True,NO_ACTION,NORMAL,True
1,1,0.6477932,1,0.99795794,1,0.8261488,True,VERIFY_AND_ALERT,MEDIUM,True
0,0,0.436943,1,0.7117507,0,0.5769157,False,NO_ACTION,NORMAL,True
1,1,0.88052607,1,0.96880597,1,0.9254912,True,IMMEDIATE_ALERT,HIGH,True
1,1,0.782521,1,0.99659723,1,0.89156026,True,IMMEDIATE_ALERT,HIGH,True
1,1,0.65998405,1,0.99856913,1,0.8324416,True,VERIFY_AND_ALERT,MEDIUM,True
1,0,0.4875654,1,0.99687636,0,0.74698174,False,NO_ACTION,NORMAL,False
1,1,0.81068206,1,0.9967642,1,0.9054626,True,IMMEDIATE_ALERT,HIGH,True
0,0,0.28659105,0,0.0003744746,0,0.14080729,True,NO_ACTION,NORMAL,True
1,1,0.54269904,1,0.99515116,1,0.7731545,True,VERIFY_AND_ALERT,MEDIUM,True
1,1,0.7417315,1,0.9979138,1,0.87221736,True,IMMEDIATE_ALERT,HIGH,True
1,1,0.5629757,1,0.9993936,1,0.78526413,True,VERIFY_AND_ALERT,MEDIUM,True
0,1,0.5797448,0,0.0047422396,0,0.28686854,False,NO_ACTION,NORMAL,True
1,1,0.97516733,1,0.9983487,1,0.9869747,True,IMMEDIATE_ALERT,HIGH,True
1,1,0.700908,1,0.84070647,1,0.77211404,True,VERIFY_AND_ALERT,MEDIUM,True
1,1,0.8522109,1,0.99883133,1,0.9268917,True,IMMEDIATE_ALERT,HIGH,True
0,0,0.3341391,0,0.13905035,0,0.23477109,True,NO_ACTION,NORMAL,True
1,1,0.9262774,1,0.8082325,1,0.8661515,True,IMMEDIATE_ALERT,HIGH,True
0,1,0.510661,0,0.0006858348,0,0.25090632,False,NO_ACTION,NORMAL,True
1,1,0.9467523,1,0.9980026,1,0.9728565,True,IMMEDIATE_ALERT,HIGH,True
1,1,0.510661,1,0.99533397,1,0.75752807,True,VERIFY_AND_ALERT,MEDIUM,True
0,0,0.26070094,0,0.44930425,0,0.35676563,True,NO_ACTION,NORMAL,True
1,1,0.8745896,1,0.994911,1,0.93587506,True,IMMEDIATE_ALERT,HIGH,True
0,0,0.49837077,1,0.92384696,0,0.7150861,False,NO_ACTION,NORMAL,True
0,0,0.3727765,0,0.059397444,0,0.2131576,True,NO_ACTION,NORMAL,True
0,0,0.42641953,1,0.9988865,0,0.7180043,False,NO_ACTION,NORMAL,True
1,1,0.61832297,1,0.98064226,1,0.80286944,True,VERIFY_AND_ALERT,MEDIUM,True
0,0,0.2952456,0,0.0009738072,0,0.14535892,True,NO_ACTION,NORMAL,True
1,1,0.6366554,1,0.9973091,1,0.8203535,True,VERIFY_AND_ALERT,MEDIUM,True
1,1,0.7426609,1,0.9987239,1,0.873086,True,IMMEDIATE_ALERT,HIGH,True
1,0,0.41929922,1,0.9910478,0,0.7105181,False,NO_ACTION,NORMAL,False
1,1,0.79245,1,0.99082184,1,0.8934903,True,IMMEDIATE_ALERT,HIGH,True
0,1,0.5656315,0,0.15806606,0,0.35803896,False,NO_ACTION,NORMAL,True
1,1,0.6431644,1,0.99728477,1,0.8235348,True,VERIFY_AND_ALERT,MEDIUM,True
1,1,0.6658615,1,0.9993806,1,0.83573866,True,VERIFY_AND_ALERT,MEDIUM,True
1,1,0.5925963,1,0.9985184,1,0.7993518,True,VERIFY_AND_ALERT,MEDIUM,True
1,1,0.7964686,1,0.99923635,1,0.89974785,True,IMMEDIATE_ALERT,HIGH,True
1,1,0.78162766,1,0.9990489,1,0.89237064,True,IMMEDIATE_ALERT,HIGH,True
1,1,0.58297956,1,0.9960419,1,0.7933719,True,VERIFY_AND_ALERT,MEDIUM,True
1,1,0.92126966,1,0.9950841,1,0.9588669,True,IMMEDIATE_ALERT,HIGH,True
0,0,0.34910235,0,0.012552979,0,0.1776817,True,NO_ACTION,NORMAL,True
1,1,0.536711,0,0.015975194,0,0.27147537,False,NO_ACTION,NORMAL,False
0,0,0.36811867,0,0.0010094056,0,0.18113239,True,NO_ACTION,NORMAL,True
1,1,0.510661,0,0.42080963,0,0.46489543,False,NO_ACTION,NORMAL,False
1,0,0.47639814,1,0.9875564,0,0.73675543,False,NO_ACTION,NORMAL,False
1,1,0.5200229,1,0.99930227,1,0.7641428,True,VERIFY_AND_ALERT,MEDIUM,True
1,1,0.78505915,1,0.9993548,1,0.8942101,True,IMMEDIATE_ALERT,HIGH,True
1,1,0.56979096,1,0.96901804,1,0.7731364,True,VERIFY_AND_ALERT,MEDIUM,True
1,1,0.6035159,1,0.9740733,1,0.7922585,True,VERIFY_AND_ALERT,MEDIUM,True
1,1,0.9648484,1,0.9989881,1,0.9822374,True,IMMEDIATE_ALERT,HIGH,True
1,1,0.8029731,1,0.99789053,1,0.90225387,True,IMMEDIATE_ALERT,HIGH,True
0,0,0.3904138,1,0.989311,0,0.69546074,False,NO_ACTION,NORMAL,True
1,0,0.45192936,1,0.9851377,0,0.7235178,False,NO_ACTION,NORMAL,False
1,1,0.79638404,1,0.98437077,1,0.89213467,True,IMMEDIATE_ALERT,HIGH,True
0,1,0.5469152,1,0.994052,1,0.7746633,True,VERIFY_AND_ALERT,MEDIUM,False
1,0,0.48912823,1,0.9988404,0,0.748749,False,NO_ACTION,NORMAL,False
1,1,0.8355405,1,0.9980698,1,0.9183245,True,IMMEDIATE_ALERT,HIGH,True
1,1,0.56358594,1,0.9933009,1,0.7824603,True,VERIFY_AND_ALERT,MEDIUM,True
1,1,0.75583166,1,0.99736017,1,0.8788536,True,IMMEDIATE_ALERT,HIGH,True
1,1,0.81044316,1,0.99787295,1,0.9059101,True,IMMEDIATE_ALERT,HIGH,True
1,1,0.70142996,1,0.95406806,1,0.8301106,True,VERIFY_AND_ALERT,MEDIUM,True
1,1,0.6709396,1,0.9962599,1,0.8366407,True,VERIFY_AND_ALERT,MEDIUM,True
1,1,0.6798762,1,0.99197865,1,0.8388449,True,VERIFY_AND_ALERT,MEDIUM,True
0,0,0.3247981,1,0.9959181,0,0.6666315,False,NO_ACTION,NORMAL,True
